1stFlrSF,2ndFlrSF,BedroomAbvGr,BsmtExposure,BsmtFinSF1,BsmtFinType1,BsmtUnfSF,GarageArea,GarageYrBlt,GrLivArea,LotArea,LotFrontage,MasVnrArea,OpenPorchSF,OverallCond,OverallQual,TotalBsmtSF,YearBuilt,YearRemodAdd,SalePrice
1828,0.0,,1,48,,1774,774,2007.0,1828,11694,90.0,452.0,108,5,9,1822,2007,2007,314813
894,0.0,2.0,2,0,Unf,894,308,1962.0,894,6600,60.0,0.0,0,5,5,894,1962,1962,109500
964,0.0,2.0,2,713,ALQ,163,432,1921.0,964,13360,80.0,0.0,0,7,5,876,1921,2006,163500
1689,0.0,3.0,2,1218,GLQ,350,857,2002.0,1689,13265,,148.0,59,5,8,1568,2002,2002,271000
1541,0.0,3.0,2,0,Unf,1541,843,2001.0,1541,13704,118.0,150.0,81,5,7,1541,2001,2002,205000
1221,0.0,2.0,2,410,GLQ,811,400,2004.0,1221,7500,62.0,0.0,113,5,7,1221,2004,2005,185000
1324,0.0,3.0,2,643,Rec,445,440,1965.0,1324,8658,84.0,101.0,138,5,6,1088,1965,1965,160000
696,720.0,3.0,2,604,ALQ,92,484,1999.0,1416,2572,24.0,0.0,44,5,7,696,1999,1999,155000
526,462.0,2.0,Gd,462,GLQ,0,297,1973.0,988,1596,21.0,0.0,101,5,4,462,1973,1973,91000
869,349.0,3.0,2,375,ALQ,360,440,2003.0,1218,6000,60.0,0.0,0,6,6,735,1941,1950,131000
760,896.0,3.0,2,0,Unf,746,397,2003.0,1656,6931,60.0,92.0,128,5,7,746,2003,2004,165400
1362,0.0,2.0,1,20,ALQ,1342,460,2005.0,1362,7577,61.0,256.0,28,5,6,1362,2005,2006,194700
1051,788.0,4.0,2,0,Unf,756,442,1966.0,1839,7700,70.0,351.0,124,5,6,756,1966,1966,155000
1375,0.0,2.0,2,0,Unf,1367,451,1954.0,1375,11310,75.0,0.0,30,5,6,1367,1954,1954,140000
1122,,2.0,2,144,GLQ,172,528,1948.0,1122,12000,100.0,0.0,36,7,5,924,1948,2005,147000
1432,0.0,2.0,Gd,680,ALQ,289,588,1978.0,1432,16157,,0.0,180,7,5,1360,1978,1978,194000
728,728.0,3.0,1,0,Unf,728,400,2007.0,1456,9018,65.0,0.0,24,5,7,728,2007,2007,179540
1217,0.0,3.0,1,611,GLQ,577,497,1990.0,1217,9947,,0.0,27,5,7,1188,1990,1991,173000
1040,0.0,2.0,,0,,0,625,1950.0,1040,7200,60.0,0.0,0,7,5,0,1950,1950,109500
612,612.0,2.0,1,294,GLQ,318,528,2009.0,1224,3000,30.0,76.0,234,5,6,612,2009,2009,173733
1022,752.0,2.0,2,0,Unf,952,468,1931.0,1774,6120,51.0,0.0,0,5,7,952,1931,1950,129900
961,406.0,4.0,2,241,Rec,229,384,1978.0,1367,8405,50.0,0.0,130,8,5,861,1900,1950,119000
803,557.0,2.0,2,0,Unf,803,297,1951.0,1360,7200,60.0,0.0,65,6,5,803,1938,1995,125500
848,0.0,1.0,1,697,GLQ,151,420,2004.0,848,4426,,147.0,0,5,6,848,2004,2004,149300
1482,780.0,,Gd,871,GLQ,611,749,2003.0,2262,12244,85.0,226.0,0,5,8,1482,2003,2003,305000
1220,0.0,2.0,2,836,LwQ,0,396,1951.0,1220,8877,67.0,0.0,0,5,4,836,1951,1951,102000
1414,0.0,2.0,2,0,Unf,1375,398,2004.0,1414,3072,,18.0,20,5,7,1375,2004,2004,178740
1134,924.0,3.0,2,319,Rec,416,396,1950.0,2058,9600,60.0,0.0,0,5,6,735,1917,1950,129500
1088,110.0,4.0,2,0,,901,0,,1198,5586,60.0,0.0,98,7,6,901,1920,1998,79900
1659,0.0,2.0,2,1158,GLQ,343,499,2000.0,1659,5664,40.0,0.0,59,5,8,1501,2000,2000,278000
1012,0.0,2.0,2,0,Unf,1012,308,1920.0,1012,8263,59.0,0.0,22,5,6,1012,1920,1950,118400
1687,998.0,5.0,2,523,GLQ,301,672,1970.0,3082,15863,102.0,0.0,63,3,7,824,1920,1970,197000
1032,,4.0,2,0,Unf,360,672,1999.0,1812,7630,76.0,0.0,0,9,5,360,1900,1996,140000
1057,872.0,3.0,2,738,,319,650,2001.0,1929,7050,,0.0,235,5,7,1057,2001,2001,226000
954,0.0,3.0,1,483,ALQ,428,576,1976.0,954,10780,55.0,0.0,0,5,5,911,1976,1976,132500
1838,0.0,2.0,1,1260,GLQ,578,765,2006.0,1838,14601,85.0,584.0,68,5,9,1838,2006,2006,315000
1640,0.0,3.0,2,728,BLQ,568,924,1993.0,1640,14778,,72.0,0,7,6,1296,1954,2006,224000
1148,0.0,3.0,2,1148,BLQ,0,672,1959.0,1148,7931,70.0,0.0,0,5,5,1148,1959,1959,132500
950,0.0,,2,412,BLQ,251,280,1981.0,950,9758,61.0,0.0,0,5,5,950,1971,1971,119500
1065,846.0,3.0,2,380,,397,471,1993.0,1911,9554,80.0,125.0,81,5,8,777,1993,1994,215000
915,720.0,3.0,2,300,Rec,765,440,1950.0,1635,8737,70.0,0.0,38,7,6,1065,1923,1950,210000
1316,0.0,3.0,1,0,,1316,440,2007.0,1316,11175,103.0,0.0,20,5,7,1316,2007,2007,200141
1442,0.0,2.0,2,0,Unf,1442,615,1970.0,1442,11717,,571.0,0,6,6,1442,1970,1970,185000
1078,0.0,3.0,2,734,GLQ,344,500,1971.0,1078,12537,,0.0,0,6,5,1078,1971,2008,149900
1120,0.0,3.0,2,932,ALQ,108,544,1961.0,1120,6970,85.0,0.0,0,5,4,1040,1961,1961,129000
779,640.0,3.0,2,353,GLQ,55,527,2002.0,1419,7750,,0.0,0,5,8,408,2002,2002,184100
707,682.0,3.0,2,0,Unf,651,240,1947.0,1389,3378,60.0,0.0,0,8,7,651,1946,1992,135000
1063,0.0,3.0,2,354,Rec,412,280,1954.0,1063,9920,80.0,110.0,0,5,5,1056,1954,1954,128000
1792,0.0,2.0,Gd,1567,GLQ,225,874,2003.0,1792,11846,72.0,562.0,49,5,9,1792,2003,2004,374000
1216,,2.0,2,897,GLQ,319,402,1998.0,1216,4500,32.0,116.0,125,5,6,1216,1998,1998,164000
998,764.0,4.0,2,0,Unf,596,576,1989.0,1762,7200,60.0,0.0,0,7,7,596,1920,1950,157000
847,1112.0,4.0,1,0,Unf,847,434,2004.0,1959,11796,59.0,0.0,48,5,7,847,2004,2005,215000
1208,,3.0,2,767,ALQ,441,546,1977.0,1208,11250,,0.0,42,6,6,1208,1977,1977,165000
874,650.0,3.0,2,460,BLQ,414,315,1958.0,1524,11344,78.0,180.0,0,5,5,874,1958,1958,144000
796,358.0,3.0,2,735,BLQ,61,240,1922.0,1154,5436,40.0,0.0,96,8,4,796,1922,2007,125500
1048,0.0,3.0,,0,,0,420,1950.0,1048,7200,60.0,0.0,27,5,5,0,1950,1950,98300
886,0.0,2.0,2,0,Unf,190,273,1938.0,886,5784,50.0,0.0,20,8,5,190,1938,1996,91300
943,0.0,2.0,Gd,943,GLQ,0,600,1979.0,943,7032,,0.0,0,5,5,943,1979,1979,135960
866,902.0,3.0,2,400,GLQ,466,603,2005.0,1768,9803,75.0,0.0,108,5,7,866,2005,2005,226700
1422,1177.0,4.0,2,0,Unf,1393,779,1999.0,2599,14774,108.0,165.0,30,5,9,1393,1999,1999,333168
912,0.0,2.0,2,456,Rec,456,275,1958.0,912,10150,70.0,1.0,0,5,5,912,1958,1958,114500
882,0.0,2.0,,0,,0,308,1956.0,882,12702,70.0,0.0,45,5,5,0,1956,1956,97000
1337,0.0,2.0,2,266,GLQ,1139,511,1998.0,1337,4060,34.0,0.0,68,5,6,1405,1998,1999,181000
2076,0.0,2.0,Gd,1386,GLQ,690,850,2006.0,2076,13891,107.0,,229,5,10,2076,2006,2006,465000
1328,1203.0,4.0,1,56,LwQ,1198,752,1995.0,2531,12257,65.0,513.0,98,5,8,1318,1995,1995,290000
981,787.0,3.0,2,569,ALQ,162,240,1939.0,1768,7200,60.0,252.0,0,7,5,731,1937,1950,175000
1625,0.0,2.0,Gd,1573,,0,538,2006.0,1625,4750,44.0,481.0,0,5,8,1573,2006,2007,235000
1444,700.0,4.0,Gd,697,Rec,747,389,1958.0,2144,159000,,472.0,98,7,6,1444,1958,2006,277000
1521,,,2,0,Unf,1237,880,1988.0,2775,13500,75.0,0.0,502,9,10,1237,1893,2000,325000
1140,728.0,3.0,2,0,Unf,585,477,1984.0,1868,12090,78.0,74.0,112,7,6,585,1984,2003,178000
1525,0.0,3.0,1,1400,GLQ,125,541,2000.0,1525,9100,70.0,244.0,36,5,7,1525,2000,2000,235000
1571,0.0,3.0,Gd,0,,1571,722,2007.0,1571,10991,89.0,80.0,36,5,8,1571,2007,2007,239000
796,0.0,2.0,2,0,Unf,796,0,,796,8777,67.0,0.0,0,7,5,796,1910,1950,85000
1378,994.0,4.0,2,0,Unf,994,432,1985.0,2372,6600,60.0,0.0,287,4,5,994,1892,1965,107500
802,670.0,3.0,2,0,Unf,384,402,1991.0,1472,10784,,76.0,0,5,7,384,1991,1992,160000
960,0.0,0.0,1,648,GLQ,0,364,1965.0,960,10246,,0.0,0,9,4,648,1965,2001,145000
734,1104.0,4.0,1,0,Unf,732,372,2005.0,1838,21930,60.0,0.0,40,5,5,732,2005,2005,192140
1309,0.0,3.0,2,663,ALQ,0,484,1974.0,1309,10140,78.0,99.0,0,6,6,1040,1974,1999,181000
2069,574.0,3.0,1,0,Unf,2153,694,2006.0,2643,13693,105.0,772.0,84,5,9,2153,2006,2006,380000
676,455.0,,2,0,Unf,676,200,1941.0,1131,5720,52.0,0.0,0,6,5,676,1941,1950,66500
960,1000.0,4.0,2,0,Unf,960,400,1952.0,1960,7596,60.0,360.0,0,5,5,960,1952,1952,124500
1144,0.0,3.0,2,25,BLQ,247,336,1962.0,1144,9204,71.0,0.0,88,5,5,1144,1963,1963,124000
1056,0.0,0.0,2,1056,GLQ,0,576,1980.0,1056,6979,64.0,0.0,56,5,6,1056,1980,1980,144000
693,0.0,2.0,2,0,,693,0,,693,4118,153.0,0.0,20,4,4,693,1941,1950,52500
1494,0.0,3.0,Gd,1200,GLQ,279,576,1997.0,1494,9236,79.0,0.0,27,5,6,1479,1997,1997,217000
1646,0.0,2.0,Gd,1373,GLQ,221,482,2004.0,1646,3842,44.0,174.0,53,5,8,1594,2004,2005,275000
864,0.0,3.0,1,390,ALQ,474,352,1989.0,864,7180,60.0,0.0,0,7,5,864,1972,1972,127000
1566,0.0,3.0,1,1078,GLQ,488,750,2008.0,1566,9000,75.0,36.0,168,5,8,1566,2008,2008,262500
735,660.0,3.0,2,593,BLQ,130,497,1972.0,1395,12936,,0.0,116,6,6,723,1972,1972,162000
848,0.0,2.0,2,152,BLQ,628,539,1962.0,1208,6240,52.0,0.0,23,5,4,780,1925,1950,103000
939,574.0,4.0,Mn,0,Unf,939,180,1933.0,1513,6120,51.0,0.0,0,8,5,939,1920,2004,137500
959,408.0,3.0,2,425,LwQ,459,560,1978.0,1367,6240,52.0,0.0,0,6,6,884,1931,1950,127500
955,0.0,3.0,2,763,BLQ,192,386,1966.0,955,7742,66.0,0.0,0,7,5,955,1966,1966,127000
1077,0.0,3.0,2,0,Unf,1007,210,1922.0,1077,9786,60.0,0.0,100,4,3,1007,1922,1950,91000
1056,0.0,3.0,Mn,1056,Rec,0,572,1955.0,1056,34650,100.0,0.0,0,5,5,1056,1955,1955,145000
756,797.0,3.0,2,0,Unf,756,615,2005.0,1553,8125,65.0,0.0,45,5,7,756,2005,2006,186500
1614,0.0,3.0,1,20,GLQ,1594,865,2005.0,1614,11210,86.0,240.0,59,5,7,1614,2005,2006,221500
2042,0.0,3.0,2,0,,2042,1390,2009.0,2042,12704,98.0,306.0,90,5,8,2042,2008,2009,253293
1073,0.0,2.0,2,0,Unf,1073,326,1968.0,1073,5400,60.0,0.0,0,6,5,1073,1921,1968,108480
1072,213.0,2.0,2,336,BLQ,295,240,1948.0,1285,8635,50.0,0.0,0,5,5,672,1948,2001,127000
2117,0.0,4.0,Mn,865,BLQ,340,550,1970.0,2117,12925,,0.0,42,7,6,1205,1970,1970,237500
605,0.0,2.0,Mn,348,,180,0,,605,9098,58.0,0.0,0,7,4,528,1920,2002,86000
1150,0.0,3.0,2,179,ALQ,465,300,1959.0,1150,7945,70.0,0.0,0,6,5,1150,1959,1959,141000
728,728.0,,2,0,Unf,728,400,2005.0,1456,8029,51.0,0.0,24,5,6,728,2005,2005,176000
999,0.0,3.0,1,867,ALQ,77,588,1961.0,999,12122,,210.0,76,9,7,944,1961,2007,178400
750,750.0,3.0,2,0,Unf,750,564,2005.0,1500,8846,68.0,0.0,35,5,6,750,2005,2006,173900
1336,0.0,2.0,Mn,841,BLQ,324,375,1953.0,1336,15750,90.0,56.0,0,5,5,1165,1953,1953,157000
864,729.0,3.0,2,759,GLQ,80,398,2004.0,1593,7415,62.0,0.0,75,5,6,839,2004,2004,193000
1130,1054.0,3.0,1,936,GLQ,168,836,2008.0,2184,11308,96.0,154.0,102,5,9,1104,2008,2008,335000
1560,0.0,3.0,2,0,Unf,1560,573,2003.0,1560,9196,129.0,0.0,150,5,7,1560,2003,2003,201000
888,,3.0,2,386,LwQ,342,312,1942.0,1644,9480,79.0,224.0,0,7,5,728,1942,1995,146500
630,0.0,,1,515,GLQ,115,286,1970.0,630,1526,21.0,0.0,0,8,4,630,1970,2002,86000
1113,0.0,3.0,2,751,BLQ,392,504,1987.0,1113,7917,,174.0,30,7,6,1143,1976,1976,148000
1071,1101.0,,2,0,Unf,1063,947,2006.0,2172,14154,109.0,350.0,62,5,7,1063,2006,2006,280000
796,550.0,2.0,2,0,Unf,560,384,1950.0,1346,11767,70.0,0.0,24,7,4,560,1910,2000,112000
1184,1426.0,4.0,1,64,GLQ,1120,550,2007.0,2610,9000,75.0,0.0,364,5,8,1184,2007,2007,303477
1026,932.0,3.0,2,0,Unf,1026,936,2005.0,1958,10625,85.0,0.0,210,5,7,1026,2005,2005,250000
1468,0.0,3.0,2,0,Unf,1468,898,2008.0,1468,9612,74.0,72.0,150,5,8,1468,2008,2009,244600
1302,432.0,4.0,,0,,0,539,1977.0,1734,10125,75.0,0.0,0,5,5,0,1977,1977,126000
768,432.0,3.0,2,352,BLQ,416,240,1946.0,1200,11767,70.0,0.0,0,6,5,768,1946,1995,130500
1112,438.0,2.0,2,812,GLQ,280,438,2007.0,1550,8125,65.0,100.0,168,5,7,1092,2006,2007,241000
954,795.0,5.0,2,0,Unf,795,440,1997.0,2230,6204,60.0,0.0,188,5,4,795,1912,1950,118500
1166,0.0,3.0,2,0,Unf,1064,240,1936.0,1639,10480,51.0,0.0,0,5,6,1064,1936,1950,115000
864,0.0,3.0,2,521,BLQ,169,624,1964.0,864,9100,70.0,0.0,0,5,5,864,1958,1958,129900
1621,0.0,3.0,Mn,213,ALQ,995,440,1984.0,1621,14145,91.0,0.0,45,7,7,1208,1984,1998,202500
483,504.0,,2,162,ALQ,321,264,1972.0,987,1680,21.0,510.0,0,8,6,483,1972,2007,118000
1238,1281.0,4.0,Gd,965,GLQ,245,628,1989.0,2519,26178,42.0,293.0,27,5,7,1210,1989,1990,335000
765,600.0,3.0,2,765,LwQ,0,440,1970.0,1365,2368,24.0,312.0,36,6,5,765,1970,1970,125000
1149,1141.0,4.0,Mn,0,Unf,1128,779,2002.0,2290,11250,,0.0,0,5,8,1128,2002,2002,255900
1249,1347.0,4.0,1,0,Unf,1249,840,2006.0,2596,16259,111.0,370.0,154,5,9,1249,2006,2006,342643
907,0.0,3.0,2,288,Rec,619,352,1964.0,907,8593,77.0,0.0,0,6,4,907,1957,1957,109008
855,,3.0,2,566,ALQ,289,440,1976.0,1456,2280,24.0,0.0,0,6,6,855,1976,1976,148500
1190,0.0,3.0,1,803,ALQ,303,540,1962.0,1190,7728,70.0,120.0,18,6,5,1106,1962,1962,132500
858,0.0,2.0,2,322,ALQ,536,684,1979.0,858,7340,,0.0,0,6,4,858,1971,1971,110000
2223,0.0,3.0,Gd,1880,ALQ,343,516,1973.0,2223,13651,95.0,1115.0,0,6,7,2223,1973,1973,244000
1005,0.0,2.0,2,0,Unf,1005,672,1977.0,1005,10434,60.0,0.0,0,5,4,1005,1955,1955,115000
1086,809.0,3.0,2,0,Unf,712,409,1994.0,1895,10832,,0.0,46,5,7,712,1994,1996,194500
1040,0.0,3.0,2,906,Rec,134,384,1965.0,1040,11200,70.0,0.0,0,5,5,1040,1965,1965,129500
1264,0.0,3.0,2,697,Rec,571,461,1960.0,1264,9300,73.0,324.0,0,5,5,1268,1960,1960,167500
874,887.0,3.0,2,0,Unf,874,578,2007.0,1761,10207,84.0,0.0,105,6,7,874,2007,2007,227875
1034,0.0,3.0,1,539,GLQ,473,888,1976.0,1034,12328,,335.0,0,5,6,1012,1976,1976,169900
1363,0.0,2.0,Gd,226,LwQ,96,439,1954.0,1363,39104,73.0,0.0,0,7,7,1385,1954,2005,241500
1689,0.0,3.0,2,0,Unf,1436,480,1956.0,1689,9855,73.0,0.0,0,5,6,1436,1956,1956,127500
2113,0.0,2.0,Gd,1696,GLQ,413,839,1995.0,2113,10437,91.0,660.0,46,6,8,2109,1995,1995,350000
1573,0.0,3.0,2,788,GLQ,785,544,2002.0,1573,9808,67.0,110.0,72,5,7,1573,2002,2002,227000
2364,0.0,,Gd,2188,GLQ,142,820,2009.0,2364,12919,100.0,760.0,67,5,9,2330,2009,2010,611657
1057,977.0,,2,739,GLQ,318,645,1998.0,2034,9375,,573.0,36,5,7,1057,1997,1998,219500
1291,0.0,2.0,Mn,1003,GLQ,288,431,1996.0,1291,2887,,0.0,0,5,6,1291,1996,1997,173000
858,0.0,2.0,Gd,696,BLQ,162,0,,858,7207,50.0,0.0,0,7,5,858,1958,2008,116500
698,560.0,2.0,Mn,204,Rec,356,280,1939.0,1258,9060,60.0,0.0,0,5,6,560,1939,1950,105000
438,0.0,1.0,2,290,Rec,0,246,1930.0,438,8400,60.0,0.0,0,5,2,290,1920,1950,60000
672,728.0,,2,209,ALQ,463,440,1978.0,1400,7844,74.0,203.0,0,7,6,672,1978,1978,149500
954,0.0,2.0,2,0,Unf,920,240,1938.0,954,6305,50.0,0.0,0,7,5,920,1938,1950,119750
1445,0.0,,Gd,564,,563,645,1964.0,1445,12095,,115.0,0,6,6,1127,1964,1964,158000
1072,0.0,2.0,Gd,459,,88,525,2005.0,1072,3675,35.0,80.0,28,5,6,547,2005,2005,148000
1664,0.0,4.0,,0,,0,0,,1664,9825,75.0,0.0,0,5,5,0,1965,1965,100000
1445,689.0,5.0,2,0,Unf,844,441,1930.0,2134,11888,,0.0,60,6,6,844,1916,1994,214500
1940,1254.0,4.0,Mn,428,BLQ,537,380,1934.0,3194,12168,78.0,0.0,0,6,8,965,1934,1998,359100
912,912.0,4.0,1,0,Unf,912,0,,1824,9400,94.0,0.0,0,5,6,912,1971,1971,139000
888,868.0,3.0,2,742,ALQ,130,422,1996.0,1756,9303,,42.0,122,5,6,872,1996,1997,204000
912,0.0,2.0,2,595,ALQ,317,576,1992.0,912,8872,72.0,300.0,240,8,5,912,1965,2008,147000
1509,0.0,3.0,1,783,GLQ,678,600,1988.0,1509,10200,85.0,219.0,0,5,6,1461,1988,1989,175000
1160,448.0,3.0,2,264,BLQ,712,216,1925.0,1608,6171,51.0,0.0,16,6,6,976,1925,1990,137450
1316,0.0,3.0,2,28,GLQ,1288,397,2005.0,1316,10237,65.0,0.0,0,5,6,1316,2005,2006,169990
1015,0.0,3.0,2,489,Rec,279,450,1925.0,1015,6120,51.0,0.0,0,7,5,768,1925,1950,88000
756,378.0,3.0,2,312,ALQ,444,240,1940.0,1134,8160,60.0,0.0,0,6,5,756,1940,1950,126000
1636,0.0,3.0,2,63,GLQ,1560,865,2006.0,1636,13501,116.0,208.0,60,5,8,1623,2006,2006,255000
660,660.0,3.0,2,0,Unf,660,400,2003.0,1320,7750,,0.0,48,5,7,660,2003,2003,162000
1160,966.0,3.0,Gd,249,LwQ,0,538,1967.0,2126,28698,,0.0,0,5,5,1013,1967,1967,185000
1128,0.0,3.0,Mn,776,ALQ,344,525,1963.0,1128,8700,80.0,148.0,20,6,5,1120,1963,1963,155000
1306,0.0,2.0,Mn,860,BLQ,132,756,1968.0,1306,8712,64.0,0.0,0,7,5,992,1957,2000,153000
798,546.0,3.0,2,0,Unf,546,0,,1344,1533,21.0,0.0,0,6,4,546,1970,2008,97000
1576,978.0,3.0,2,0,,718,704,1996.0,2554,10800,60.0,0.0,48,8,7,718,1890,1998,159500
893,0.0,2.0,2,220,ALQ,625,576,1985.0,893,9600,60.0,0.0,0,7,5,845,1949,2003,135000
894,1039.0,4.0,Mn,0,Unf,894,668,2007.0,1933,14598,86.0,74.0,18,5,6,894,2007,2007,214000
672,546.0,3.0,2,356,BLQ,316,264,1973.0,1218,1890,21.0,285.0,28,5,6,672,1973,1973,113000
1161,808.0,3.0,2,0,Unf,808,534,1977.0,1969,11952,92.0,0.0,0,6,7,808,1977,1977,190000
1220,870.0,3.0,2,1079,GLQ,141,556,1995.0,2090,10000,80.0,438.0,65,5,8,1220,1995,1996,240000
1484,0.0,3.0,1,998,ALQ,486,487,1971.0,1484,12243,70.0,0.0,0,6,5,1484,1971,1971,175000
1656,0.0,4.0,2,0,Unf,1656,506,1973.0,1656,9246,87.0,564.0,211,5,5,1656,1973,1973,135000
818,406.0,3.0,2,468,Rec,350,210,1926.0,1224,3950,,0.0,0,8,6,818,1926,2004,115000
1022,1032.0,3.0,2,695,GLQ,297,390,2000.0,2054,12224,,40.0,48,5,6,992,2000,2000,244000
854,0.0,2.0,2,0,Unf,832,576,1991.0,854,6120,51.0,0.0,112,8,7,832,1929,2001,132000
546,546.0,3.0,2,334,BLQ,212,286,1973.0,1092,1974,,0.0,96,5,4,546,1973,1973,83500
1268,0.0,3.0,1,196,ALQ,1072,252,1978.0,1268,9286,,0.0,0,7,5,1268,1977,1989,143500
827,834.0,3.0,1,385,GLQ,70,550,1996.0,1661,10667,43.0,0.0,61,6,7,799,1996,1996,212000
1668,0.0,3.0,1,370,BLQ,315,502,2003.0,1668,10635,48.0,171.0,262,5,8,1657,2003,2003,232000
1493,0.0,,Gd,994,GLQ,484,508,1997.0,1493,13125,75.0,215.0,39,5,6,1478,1997,1998,208900
932,0.0,2.0,2,0,Unf,932,306,1950.0,932,8280,57.0,0.0,0,5,6,932,1950,1950,124000
1277,0.0,2.0,Gd,778,GLQ,499,526,1970.0,1277,10628,85.0,0.0,0,5,7,1277,1970,1970,167000
1530,0.0,3.0,1,1300,GLQ,230,630,2004.0,1530,14572,182.0,0.0,36,5,7,1530,2004,2004,259000
1344,0.0,2.0,2,457,ALQ,193,484,1970.0,1344,9503,,0.0,28,5,5,1024,1958,1983,144000
860,0.0,2.0,1,672,ALQ,168,528,1996.0,860,8740,74.0,0.0,0,6,5,840,1982,1982,137000
1314,0.0,2.0,2,904,GLQ,410,626,2008.0,1314,5001,34.0,166.0,62,5,7,1314,2007,2008,230000
1391,571.0,3.0,Mn,464,GLQ,927,868,2006.0,1962,8760,73.0,0.0,90,5,7,1391,2006,2006,239799
788,702.0,3.0,1,724,GLQ,64,388,2004.0,1490,15384,60.0,0.0,75,5,7,788,2004,2005,184000
848,0.0,1.0,1,662,GLQ,186,420,2004.0,848,4426,,169.0,0,5,6,848,2004,2004,143000
672,0.0,2.0,2,0,Unf,672,240,1940.0,672,10200,60.0,0.0,0,8,5,672,1940,1997,108000
1188,1152.0,4.0,2,275,GLQ,877,252,1941.0,2340,9042,66.0,0.0,60,9,7,1152,1941,2006,266500
808,704.0,3.0,2,0,Unf,660,180,1916.0,1656,10410,60.0,0.0,0,7,5,660,1916,1987,135000
725,754.0,4.0,2,626,ALQ,99,484,1972.0,1479,7472,,138.0,32,9,7,725,1972,2004,184000
1226,0.0,,2,0,Unf,1226,740,2009.0,1226,10402,94.0,0.0,36,5,7,1226,2009,2009,198900
976,1111.0,5.0,Gd,568,LwQ,264,444,1966.0,2087,12205,,157.0,168,8,6,832,1966,2007,187500
1158,0.0,3.0,2,941,ALQ,217,576,2006.0,1158,13072,63.0,0.0,50,5,6,1158,2004,2004,158000
1154,0.0,3.0,Mn,740,BLQ,184,480,1966.0,1154,11000,,200.0,58,6,5,1154,1966,1966,154000
880,844.0,3.0,1,0,Unf,880,527,1998.0,1724,8924,57.0,0.0,155,5,7,880,1998,1999,188000
773,885.0,3.0,2,219,GLQ,554,431,1995.0,1658,8000,,0.0,84,5,6,773,1995,1996,188000
1126,0.0,2.0,,0,,0,520,2002.0,1126,8777,67.0,0.0,96,5,4,0,1949,2003,108000
872,521.0,3.0,2,0,Unf,816,300,1955.0,1393,16466,59.0,0.0,0,7,5,816,1955,1955,135500
1968,1479.0,4.0,Mn,192,Rec,536,1014,1982.0,3447,14100,,632.0,12,9,8,728,1935,1997,381000
483,504.0,2.0,2,309,BLQ,174,264,1973.0,987,1953,21.0,408.0,0,5,6,483,1973,1973,83000
808,547.0,4.0,2,351,ALQ,112,0,,1355,10106,62.0,0.0,0,7,5,644,1940,1999,127500
2069,0.0,4.0,Gd,425,GLQ,160,505,1960.0,2069,27650,313.0,0.0,0,7,7,585,1960,2007,242000
757,,,2,549,ALQ,195,440,1999.0,1501,2280,24.0,360.0,0,5,7,744,1999,1999,179400
1976,0.0,2.0,Gd,1350,,626,908,2006.0,1976,14977,110.0,304.0,63,5,8,1976,2006,2007,440000
1563,0.0,3.0,2,33,GLQ,1530,758,2007.0,1563,10206,78.0,468.0,99,5,8,1563,2007,2007,245000
572,539.0,2.0,2,0,Unf,572,288,1982.0,1111,5700,,0.0,0,7,7,572,1926,1950,116900
851,651.0,3.0,2,0,Unf,776,270,1931.0,1502,7200,60.0,0.0,0,6,7,776,1931,2000,149000
1733,0.0,4.0,,0,,0,452,1955.0,1733,13680,,0.0,0,5,3,0,1955,1955,139600
1848,880.0,4.0,2,1410,GLQ,438,706,2006.0,2728,20431,56.0,870.0,0,5,9,1848,2005,2006,437154
630,672.0,3.0,2,231,ALQ,399,264,1972.0,1302,1680,21.0,268.0,0,7,5,630,1972,1972,119500
1332,192.0,0.0,Gd,1258,GLQ,74,586,1979.0,1524,23595,,0.0,0,6,7,1332,1979,1979,260000
1120,468.0,4.0,,0,,0,680,1991.0,1588,17120,80.0,0.0,59,4,4,0,1959,1959,134432
1125,0.0,2.0,2,0,Unf,1125,430,2007.0,1125,8536,74.0,0.0,64,5,5,1125,2006,2007,155000
520,600.0,2.0,2,0,Unf,600,480,2005.0,1200,3180,30.0,0.0,166,5,7,600,2005,2005,151000
798,842.0,3.0,2,0,Unf,798,520,2004.0,1640,8366,65.0,0.0,45,5,6,798,2004,2004,173000
1223,904.0,3.0,2,1000,GLQ,223,525,1994.0,2127,10944,81.0,448.0,132,5,7,1223,1994,1994,271000
972,0.0,2.0,2,680,ALQ,292,240,1948.0,972,8000,50.0,0.0,0,6,6,972,1948,2002,132000
1142,878.0,3.0,2,584,GLQ,544,466,1995.0,2020,9828,80.0,0.0,155,5,8,1128,1995,1995,239500
1144,,,1,739,BLQ,405,596,1956.0,1144,9571,68.0,0.0,0,6,5,1144,1956,1956,129000
1352,0.0,3.0,1,300,BLQ,468,288,1958.0,1352,6930,92.0,120.0,0,4,5,1062,1958,1958,130000
926,0.0,3.0,2,234,LwQ,0,484,1974.0,1316,5500,50.0,0.0,0,7,5,926,1929,2001,130000
1086,838.0,3.0,1,956,GLQ,130,592,1998.0,1924,12011,78.0,530.0,75,5,8,1086,1998,1998,280000
1164,0.0,3.0,2,1040,ALQ,124,240,1950.0,1164,10880,68.0,0.0,48,5,5,1164,1950,1950,125000
952,0.0,2.0,Mn,852,ALQ,100,840,1988.0,952,7350,60.0,0.0,0,7,5,952,1951,1951,139000
938,1215.0,4.0,2,259,LwQ,425,0,,2358,5250,50.0,0.0,54,5,8,684,1872,1987,122000
1680,0.0,3.0,2,808,GLQ,72,540,1988.0,1680,21695,,260.0,44,9,6,880,1988,2007,222000
1221,691.0,3.0,2,0,Unf,482,672,2003.0,1912,10800,60.0,0.0,25,7,6,482,1905,2000,163000
1004,0.0,2.0,2,578,ALQ,426,480,1970.0,1004,11241,,180.0,0,7,6,1004,1970,1970,149000
774,456.0,3.0,2,384,ALQ,363,305,1946.0,1230,4712,51.0,0.0,57,7,4,747,1946,1950,121600
1167,0.0,3.0,2,645,BLQ,270,495,1972.0,1167,8731,98.0,0.0,0,5,5,915,1920,1950,144000
1301,0.0,2.0,Mn,405,LwQ,740,440,1965.0,1301,6911,60.0,0.0,0,5,5,1145,1924,1950,100000
1453,0.0,,Gd,1082,GLQ,371,445,1986.0,1453,5271,,0.0,80,5,7,1453,1986,1986,190000
1601,0.0,3.0,1,1358,GLQ,223,670,2001.0,1601,11423,,479.0,0,5,8,1581,2001,2002,272000
1588,0.0,3.0,1,0,Unf,1588,825,2006.0,1588,10000,85.0,410.0,45,5,8,1588,2006,2006,227000
1095,0.0,2.0,Gd,513,ALQ,75,264,1958.0,1095,10382,75.0,105.0,0,5,6,588,1958,1958,140000
1050,0.0,3.0,2,915,Rec,135,368,1961.0,1050,10659,,0.0,319,6,5,1050,1961,1961,136500
960,0.0,3.0,2,520,Rec,440,432,1965.0,960,10921,73.0,48.0,0,5,4,960,1965,1965,94750
1002,454.0,4.0,Mn,0,Unf,810,280,1954.0,1456,7585,50.0,0.0,0,3,5,810,1948,1950,91500
1489,0.0,3.0,2,0,Unf,1489,462,1968.0,1489,9156,,0.0,0,7,6,1489,1968,1968,185750
1726,0.0,3.0,2,1126,,600,786,2007.0,1726,9416,79.0,205.0,138,5,7,1726,2007,2007,311872
1362,720.0,3.0,2,0,Unf,1362,484,2003.0,2082,11426,63.0,0.0,238,5,7,1362,2003,2003,200000
1339,0.0,,2,1053,ALQ,256,484,1990.0,1339,8049,50.0,54.0,58,5,7,1309,1990,1990,180000
1310,1140.0,3.0,Mn,781,GLQ,503,1069,1998.0,2450,16545,,731.0,126,5,8,1284,1998,1998,340000
879,984.0,4.0,1,0,Unf,879,660,2006.0,1863,14054,58.0,0.0,17,5,7,879,2006,2006,219210
768,0.0,2.0,1,656,GLQ,112,396,1988.0,768,8445,70.0,0.0,0,7,5,768,1972,2007,133000
334,0.0,1.0,,0,,0,0,,334,5000,50.0,0.0,0,3,1,0,1946,1950,39300
1136,0.0,3.0,2,892,Rec,244,384,1965.0,1136,9200,80.0,0.0,0,6,6,1136,1965,1965,140000
1337,0.0,2.0,2,1201,GLQ,36,405,1998.0,1337,4500,32.0,443.0,199,5,6,1237,1998,1998,153500
912,0.0,2.0,2,312,Rec,0,288,1964.0,912,7800,66.0,0.0,0,5,5,912,1964,1964,115000
876,936.0,4.0,2,540,ALQ,324,264,1962.0,1812,7590,69.0,288.0,168,5,5,864,1962,1962,169500
1052,720.0,4.0,2,378,,342,240,1939.0,2192,8400,60.0,0.0,24,8,5,720,1939,1997,179500
658,526.0,5.0,2,0,Unf,658,0,,1184,8410,58.0,0.0,151,3,5,658,1910,1996,81000
964,925.0,4.0,2,0,Unf,925,308,1960.0,1889,10120,60.0,0.0,0,4,7,925,1910,1950,122000
1327,0.0,,2,405,Rec,658,624,1974.0,1327,7388,75.0,0.0,0,6,5,1063,1959,2002,150750
1422,0.0,3.0,2,588,,606,576,1981.0,1422,12090,78.0,210.0,0,6,6,1422,1981,1981,175500
1632,0.0,4.0,1,0,Unf,1632,576,1967.0,1632,25000,100.0,0.0,0,4,5,1632,1967,1967,143000
1630,0.0,3.0,2,0,,1630,451,2000.0,1630,9750,75.0,171.0,234,5,7,1630,2000,2001,213000
1013,0.0,2.0,2,0,Unf,1013,0,,1526,8470,105.0,0.0,0,2,3,1013,1915,1982,85000
1040,0.0,2.0,,0,,0,420,1956.0,1040,7200,60.0,0.0,0,5,4,0,1949,1950,90000
841,806.0,4.0,2,0,Unf,806,216,1920.0,1647,6858,66.0,0.0,66,4,6,806,1915,1950,128000
1328,653.0,4.0,2,622,BLQ,500,576,1981.0,1981,7804,65.0,0.0,44,3,4,1122,1928,1950,135000
1644,0.0,3.0,2,1285,GLQ,131,418,1953.0,1644,9600,80.0,238.0,0,5,6,1416,1953,1953,167000
1482,1092.0,3.0,2,0,Unf,1482,868,2007.0,2574,9588,69.0,270.0,148,5,8,1482,2007,2007,276000
1060,764.0,,2,0,Unf,764,520,1940.0,1824,13515,60.0,0.0,0,6,6,764,1919,1950,180500
1350,0.0,3.0,Gd,624,GLQ,288,520,1964.0,1350,9020,82.0,259.0,0,5,6,1248,1964,1964,168500
958,0.0,2.0,2,958,LwQ,0,440,1976.0,958,4928,,0.0,60,6,6,958,1976,1976,143750
1053,795.0,4.0,2,0,Unf,833,370,1922.0,1848,13053,64.0,0.0,0,7,6,833,1923,2000,207000
1620,0.0,3.0,2,1116,BLQ,165,490,1993.0,1620,9991,,0.0,78,4,4,1281,1976,1993,150000
1167,0.0,3.0,2,560,GLQ,598,400,1992.0,1167,9248,,106.0,26,6,6,1158,1992,1992,173000
798,,3.0,2,94,LwQ,641,220,1949.0,1487,8741,52.0,0.0,140,4,6,735,1945,1950,113000
892,0.0,3.0,2,432,BLQ,460,288,1967.0,892,7150,65.0,60.0,0,5,5,892,1967,1967,100000
804,0.0,,2,510,BLQ,278,240,1940.0,804,7200,60.0,294.0,0,7,5,788,1940,1992,119000
1140,0.0,3.0,2,0,Unf,1140,0,,1140,17217,90.0,0.0,56,5,5,1140,2006,2006,84500
983,813.0,4.0,2,400,BLQ,380,483,1963.0,1796,7056,71.0,415.0,50,5,6,780,1963,1963,140000
1118,912.0,4.0,2,156,LwQ,692,551,1976.0,2030,12046,,298.0,224,6,6,848,1976,1976,195000
1026,981.0,3.0,1,765,GLQ,252,812,2008.0,2007,11003,85.0,160.0,52,5,10,1017,2008,2008,310000
691,0.0,2.0,2,0,Unf,691,216,1920.0,691,5400,60.0,0.0,20,6,5,691,1920,1950,86000
786,,3.0,2,0,Unf,768,676,2008.0,1590,9000,75.0,0.0,30,5,8,768,2008,2008,210000
1216,639.0,4.0,2,444,Rec,550,325,1954.0,1855,9525,75.0,0.0,0,4,6,994,1954,1972,136900
1028,776.0,3.0,2,0,Unf,994,442,1999.0,1804,7500,60.0,0.0,60,5,7,994,1999,1999,189000
884,884.0,,2,550,GLQ,334,543,2003.0,1768,8158,65.0,252.0,63,5,7,884,2003,2003,224900
1831,1796.0,4.0,Gd,1387,GLQ,543,807,1995.0,3627,35760,118.0,1378.0,76,5,10,1930,1995,1996,625000
1298,,3.0,2,1258,GLQ,40,403,1985.0,1298,11200,,85.0,26,5,6,1298,1985,1985,180000
1801,0.0,1.0,2,1247,ALQ,254,484,1959.0,1801,15602,100.0,0.0,54,8,7,1501,1959,1997,289000
630,0.0,1.0,1,553,GLQ,77,0,,630,1533,21.0,0.0,0,7,5,630,1970,1970,92000
1103,0.0,2.0,2,397,BLQ,706,440,1976.0,1103,6000,50.0,0.0,120,6,6,1103,1925,1980,110500
859,319.0,2.0,Mn,0,Unf,859,384,1964.0,1178,8712,66.0,0.0,0,7,4,859,1900,1950,102776
1196,0.0,2.0,2,197,LwQ,999,440,1957.0,1196,4800,40.0,0.0,0,7,4,1196,1916,1990,109900
1372,,3.0,2,0,Unf,1372,529,2008.0,1372,8640,72.0,0.0,140,5,7,1372,2007,2008,250580
1431,0.0,3.0,Gd,371,GLQ,728,296,1962.0,1431,9150,101.0,305.0,110,5,6,1099,1962,1962,165000
1422,0.0,3.0,1,0,Unf,1422,626,2004.0,1422,8500,63.0,106.0,60,5,7,1422,2004,2004,179600
1079,874.0,3.0,1,985,GLQ,595,501,1992.0,1953,53107,,0.0,231,5,6,1580,1992,1992,240000
1121,0.0,2.0,2,0,Unf,1121,440,2003.0,1121,8546,80.0,0.0,64,5,4,1121,2003,2004,140000
1143,1330.0,4.0,1,0,Unf,1143,852,2004.0,2473,9591,76.0,344.0,151,5,8,1143,2004,2005,317000
1057,0.0,3.0,2,417,Rec,640,576,1977.0,1057,7420,70.0,0.0,0,5,5,1057,1962,1962,132000
1110,0.0,,1,1097,GLQ,0,602,1978.0,1110,9101,,104.0,30,6,5,1097,1978,1978,165500
1164,1106.0,4.0,2,524,GLQ,628,671,1999.0,2270,11764,92.0,348.0,57,7,8,1152,1999,2007,290000
2018,0.0,3.0,Gd,0,Unf,2002,746,2009.0,2018,13214,89.0,0.0,76,5,9,2002,2008,2009,378500
672,714.0,3.0,Mn,438,Rec,234,440,1978.0,1386,11616,,328.0,0,5,6,672,1978,1978,158900
1082,871.0,3.0,Mn,0,Unf,1082,1043,2005.0,1953,10574,85.0,0.0,50,5,8,1082,2005,2006,252000
1337,0.0,2.0,2,733,GLQ,604,462,1993.0,1337,5395,41.0,0.0,0,5,8,1337,1993,1993,180000
997,1288.0,4.0,2,0,Unf,969,648,2000.0,2285,11000,,72.0,56,5,8,969,2000,2000,248000
1718,0.0,3.0,Gd,1288,GLQ,417,826,2007.0,1718,10637,79.0,336.0,44,5,8,1705,2007,2008,297000
1086,0.0,3.0,1,516,ALQ,380,484,1966.0,1086,13400,85.0,1047.0,0,5,5,1024,1966,1966,159950
1555,0.0,2.0,2,0,Unf,1373,660,2007.0,1555,3684,53.0,130.0,20,5,7,1373,2007,2007,174000
1902,0.0,3.0,1,1406,GLQ,496,567,1959.0,1902,17500,100.0,0.0,207,8,7,1902,1959,2002,335000
1298,1216.0,4.0,2,1216,LwQ,0,693,1990.0,2514,11170,,0.0,0,5,7,1216,1990,1991,250000
1224,0.0,2.0,1,1086,GLQ,0,528,1979.0,1224,7018,64.0,275.0,0,5,5,1086,1979,1979,153337
1054,0.0,3.0,2,602,ALQ,14,460,1969.0,1054,9750,65.0,0.0,0,8,6,1054,1969,1969,151000
1276,1336.0,4.0,2,854,GLQ,371,676,1998.0,2612,12203,98.0,975.0,0,5,8,1225,1998,1999,336000
902,0.0,3.0,2,599,GLQ,277,288,1967.0,902,6173,,75.0,0,6,5,876,1967,1967,125500
1153,,4.0,2,692,GLQ,153,484,1983.0,2353,13005,94.0,278.0,195,7,7,845,1980,1980,260000
689,703.0,3.0,2,378,GLQ,311,299,1977.0,1392,10900,,153.0,36,7,6,689,1977,1977,161750
1155,0.0,3.0,1,899,ALQ,210,576,1987.0,1155,11782,88.0,0.0,0,7,5,1109,1961,1995,148000
1136,768.0,3.0,2,180,Rec,676,240,1950.0,1904,7200,60.0,0.0,0,4,5,1208,1950,1982,138000
950,208.0,3.0,2,0,Unf,862,208,1929.0,1158,6000,50.0,0.0,0,7,6,862,1929,1950,120000
751,611.0,3.0,Mn,0,Unf,611,502,1920.0,1362,6155,60.0,0.0,0,8,6,611,1920,1999,128000
1005,1286.0,4.0,2,0,Unf,975,429,1999.0,2291,8738,66.0,302.0,0,5,7,975,1999,1999,230000
649,668.0,3.0,2,0,Unf,649,250,1920.0,1317,8500,50.0,0.0,54,4,4,649,1920,1950,40000
1734,0.0,3.0,2,1004,GLQ,730,928,2007.0,1734,12085,93.0,328.0,0,5,8,1734,2007,2007,318000
1194,0.0,3.0,2,0,Unf,1194,312,1959.0,1194,8760,73.0,220.0,0,6,6,1194,1959,1959,148000
876,540.0,4.0,Mn,0,Unf,876,720,1949.0,1416,12665,100.0,0.0,0,8,5,876,1915,1950,153900
1383,0.0,3.0,Mn,1064,BLQ,319,354,1954.0,1383,13284,,0.0,116,5,5,1383,1954,1954,165000
1001,1001.0,,2,284,BLQ,717,871,1949.0,2002,6270,82.0,0.0,0,6,5,1001,1949,1950,145000
1496,0.0,,1,0,Unf,1496,474,2007.0,1496,9158,76.0,140.0,130,5,8,1496,2007,2007,225000
984,620.0,3.0,2,408,,156,660,1977.0,1604,10998,60.0,0.0,68,5,5,984,1941,1960,117000
764,0.0,2.0,2,0,Unf,680,504,1965.0,764,5232,30.0,0.0,0,5,5,680,1925,2004,73000
977,755.0,3.0,2,0,,741,476,1985.0,1732,9206,77.0,336.0,46,5,6,741,1985,1985,178000
1494,0.0,3.0,1,0,Unf,1494,840,2006.0,1494,10652,91.0,306.0,33,5,7,1494,2006,2007,279500
986,0.0,2.0,2,0,Unf,960,180,1926.0,986,6180,60.0,0.0,128,5,6,960,1926,1950,102000
1145,0.0,2.0,2,16,GLQ,1129,397,2005.0,1145,3182,43.0,11.0,16,5,7,1145,2005,2006,160200
742,742.0,3.0,2,0,Unf,742,0,,1484,6300,35.0,0.0,291,6,6,742,1914,2001,128000
1344,0.0,3.0,2,111,GLQ,354,525,1958.0,1344,14375,,541.0,118,6,6,819,1958,1958,137500
958,581.0,3.0,2,0,Unf,650,686,1983.0,1539,10440,60.0,0.0,78,8,5,650,1904,2002,157500
1134,1370.0,4.0,2,0,Unf,1122,656,2005.0,2504,11198,77.0,245.0,39,5,9,1122,2005,2007,325000
747,0.0,1.0,Mn,0,Unf,600,528,1953.0,747,5825,52.0,108.0,0,5,4,600,1926,1953,79900
1108,989.0,,1,975,GLQ,133,583,1998.0,2097,9750,75.0,0.0,170,6,7,1108,1998,1998,274300
3138,1538.0,3.0,Gd,2260,GLQ,878,884,2007.0,4676,40094,130.0,762.0,406,5,10,3138,2007,2008,184750
786,390.0,2.0,2,0,Unf,698,624,1999.0,1176,6000,50.0,0.0,0,9,6,698,1937,2000,134900
720,0.0,2.0,2,495,Rec,225,0,,720,7879,60.0,0.0,523,5,4,720,1920,1950,34900
1580,0.0,3.0,2,0,Unf,1580,830,2008.0,1580,11932,92.0,186.0,24,5,8,1580,2007,2008,235128
1440,0.0,4.0,Gd,1440,,0,0,,1440,7711,42.0,0.0,0,3,4,1440,1977,1977,150000
738,,3.0,2,193,GLQ,545,540,2005.0,1476,8633,64.0,0.0,35,5,6,738,2005,2005,173500
1500,0.0,3.0,1,20,GLQ,1480,570,2004.0,1500,8487,63.0,210.0,36,5,7,1500,2004,2004,190000
884,464.0,3.0,2,0,,884,216,1960.0,1348,6000,50.0,0.0,0,8,5,884,1925,1997,117000
1200,0.0,1.0,Mn,661,GLQ,203,884,1977.0,1200,9230,71.0,166.0,64,8,5,864,1965,1998,146000
1394,0.0,3.0,2,609,BLQ,785,514,1963.0,1394,9500,,247.0,76,5,6,1394,1963,1963,159000
800,832.0,4.0,2,400,GLQ,336,484,1966.0,1632,9130,,252.0,40,8,6,800,1966,2000,173000
912,0.0,3.0,2,842,ALQ,70,336,1974.0,912,8521,70.0,0.0,0,5,5,912,1967,1967,125000
1370,1254.0,4.0,2,1128,BLQ,242,864,1918.0,2624,22420,86.0,0.0,0,6,6,1370,1918,1950,239000
1696,0.0,3.0,2,0,Unf,1140,349,1962.0,1696,13673,40.0,0.0,30,5,5,1140,1962,1962,143900
682,548.0,2.0,2,0,Unf,440,440,1966.0,1230,10440,60.0,0.0,0,6,5,440,1910,1981,110000
1549,1178.0,3.0,2,297,Rec,556,440,1932.0,2727,10570,70.0,0.0,74,8,8,853,1932,1994,315000
728,728.0,3.0,2,0,Unf,728,429,2006.0,1456,15578,105.0,0.0,0,5,6,728,2006,2006,172785
864,0.0,3.0,2,375,,250,660,1989.0,864,6960,60.0,0.0,0,6,4,864,1970,1970,120500
970,739.0,3.0,2,0,Unf,970,380,2004.0,1709,2522,24.0,50.0,40,5,6,970,2004,2006,130000
810,855.0,3.0,2,643,GLQ,167,528,2001.0,1665,8400,70.0,0.0,45,6,8,810,2001,2001,227000
1372,1274.0,,Gd,987,GLQ,360,656,1993.0,2646,9900,90.0,256.0,60,5,7,1347,1993,1993,260000
798,,3.0,2,0,Unf,798,595,2003.0,1640,7226,72.0,0.0,45,5,7,798,2003,2003,183000
1014,685.0,3.0,Mn,440,BLQ,538,420,1920.0,1699,10615,107.0,0.0,74,5,3,978,1900,1970,95000
1663,0.0,2.0,Gd,1116,BLQ,248,529,1954.0,1663,53227,,0.0,137,6,4,1364,1954,1994,256000
1728,0.0,6.0,2,1332,Rec,396,504,1963.0,1728,9100,70.0,336.0,0,5,5,1728,1963,1963,125000
1055,790.0,,2,0,Unf,1055,462,1992.0,1845,11218,70.0,0.0,104,5,6,1055,1992,1992,189000
1020,831.0,3.0,Gd,536,BLQ,169,440,1964.0,1851,9760,80.0,340.0,42,8,6,822,1964,1993,187000
1489,0.0,3.0,2,0,Unf,1489,776,2006.0,1489,11216,81.0,0.0,140,5,8,1489,2006,2006,232600
864,0.0,2.0,2,612,Rec,252,300,2008.0,864,9100,70.0,0.0,0,6,6,864,1959,1959,127500
1256,0.0,3.0,2,830,BLQ,136,276,1965.0,1256,9937,75.0,0.0,68,6,5,1256,1965,1965,147500
816,0.0,2.0,2,816,,0,816,1985.0,816,6600,60.0,0.0,0,8,5,816,1982,2003,138000
902,918.0,4.0,Gd,454,ALQ,410,492,1965.0,1820,13700,,288.0,84,6,7,864,1965,1988,201800
912,1215.0,4.0,Mn,48,BLQ,422,833,1991.0,2127,13125,103.0,0.0,192,5,7,1104,1991,1991,238000
1065,0.0,3.0,2,0,Unf,1065,461,1974.0,1065,8892,80.0,66.0,0,5,5,1065,1960,1960,126500
1200,0.0,4.0,2,0,Unf,1200,312,1923.0,1200,11340,84.0,0.0,0,5,6,1200,1923,1950,125000
1208,0.0,2.0,1,686,GLQ,501,632,2006.0,1208,6762,64.0,24.0,61,5,7,1187,2006,2006,206000
1133,1349.0,4.0,Gd,0,Unf,1094,642,2005.0,2482,12665,88.0,245.0,39,5,8,1094,2005,2006,281213
1720,,3.0,2,919,GLQ,801,527,1996.0,1720,10593,59.0,338.0,56,5,7,1720,1996,1996,260400
840,0.0,3.0,2,116,LwQ,556,0,,840,4388,55.0,0.0,0,7,5,672,1930,1950,87000
1294,0.0,3.0,2,1200,GLQ,78,496,1991.0,1294,7153,,88.0,51,5,6,1278,1991,1991,179200
1090,0.0,2.0,2,980,ALQ,110,450,2005.0,1090,7024,60.0,0.0,49,5,5,1090,2005,2006,157000
1165,,4.0,2,0,Unf,1141,420,1998.0,2263,12090,93.0,650.0,123,5,8,1141,1998,1998,258000
969,0.0,3.0,1,716,BLQ,253,440,1975.0,969,10356,120.0,0.0,0,6,5,969,1975,1975,122000
894,0.0,2.0,2,0,Unf,894,1248,1994.0,894,18000,120.0,0.0,20,4,3,894,1935,1950,81000
1028,,2.0,2,0,Unf,1008,360,1927.0,1028,8960,56.0,0.0,0,6,5,1008,1927,1950,115000
979,979.0,4.0,2,484,Rec,495,492,1946.0,1958,7136,82.0,423.0,0,6,6,979,1946,1950,145000
1795,0.0,2.0,1,0,Unf,1795,895,2007.0,1795,9986,75.0,428.0,49,5,8,1795,2006,2007,147000
1940,0.0,3.0,1,1646,GLQ,284,606,2010.0,1940,10159,83.0,450.0,95,5,9,1930,2009,2010,395192
1178,0.0,3.0,2,1084,BLQ,92,439,1973.0,1178,10000,80.0,0.0,0,6,5,1176,1973,2000,157000
810,672.0,,2,156,BLQ,516,400,1934.0,1482,12155,,0.0,0,8,6,672,1925,1950,140000
1428,0.0,3.0,2,0,,1417,554,2008.0,1428,12274,91.0,256.0,60,5,7,1417,2008,2008,227680
864,0.0,,1,460,BLQ,404,338,1972.0,864,15523,36.0,0.0,0,6,5,864,1972,1972,133500
616,495.0,3.0,Mn,236,LwQ,0,200,1941.0,1111,9084,60.0,0.0,0,6,5,616,1941,1950,95000
680,790.0,3.0,2,310,,370,420,1993.0,1470,9765,,68.0,63,8,6,680,1993,1993,185000
1116,0.0,3.0,2,0,Unf,1116,440,1962.0,1116,10000,87.0,261.0,0,6,6,1116,1962,1962,160000
864,,2.0,2,414,,450,288,1959.0,864,7332,60.0,207.0,0,6,6,864,1959,1959,120000
1297,0.0,,2,1213,Rec,84,498,1954.0,1297,8532,74.0,650.0,0,6,5,1297,1954,1990,153000
1113,0.0,3.0,2,607,ALQ,506,264,1950.0,1113,9600,80.0,0.0,80,7,5,1113,1950,2007,147000
1501,0.0,3.0,Gd,679,GLQ,811,577,1999.0,1501,10335,78.0,183.0,29,5,7,1490,1999,1999,204000
764,783.0,3.0,Mn,24,GLQ,732,614,2009.0,1547,8640,72.0,0.0,45,5,7,756,2009,2009,215200
991,956.0,3.0,2,222,GLQ,769,678,2004.0,1947,12552,100.0,0.0,136,5,7,991,2004,2005,254900
1717,0.0,3.0,1,0,Unf,1709,908,2006.0,1717,11146,87.0,250.0,39,5,8,1709,2006,2006,255500
1052,0.0,3.0,1,504,,506,440,1971.0,1052,8816,80.0,80.0,0,7,6,1010,1971,1971,155000
1127,886.0,3.0,1,862,,255,455,1997.0,2013,9920,92.0,0.0,130,5,7,1117,1996,1997,269790
1266,0.0,2.0,1,0,Unf,1266,388,2007.0,1266,3182,43.0,16.0,16,5,7,1266,2007,2007,159895
1992,876.0,4.0,1,240,GLQ,1752,716,2005.0,2868,16056,85.0,208.0,108,5,9,1992,2005,2006,556581
980,1276.0,4.0,2,300,GLQ,652,554,2000.0,2256,8795,,0.0,54,5,7,952,2000,2000,236000
1414,0.0,3.0,1,24,GLQ,1390,494,2004.0,1414,8773,65.0,98.0,105,5,7,1414,2004,2004,185500
936,785.0,3.0,2,814,GLQ,114,471,1994.0,1721,8462,70.0,105.0,87,5,6,928,1994,1994,201000
811,741.0,3.0,2,550,ALQ,163,434,1975.0,1552,11475,85.0,0.0,208,6,6,713,1975,1975,179900
698,430.0,2.0,2,0,Unf,698,528,1980.0,1128,7500,60.0,0.0,0,4,4,698,1920,1950,68400
1118,0.0,3.0,1,522,ALQ,574,358,1977.0,1118,9880,76.0,0.0,0,6,6,1096,1977,1977,171000
1728,0.0,4.0,Gd,936,Rec,396,574,1976.0,1728,12640,55.0,0.0,0,5,6,1728,1976,1976,150900
1686,762.0,4.0,2,1361,GLQ,88,711,1994.0,2448,46589,52.0,528.0,76,7,8,1629,1994,2005,402000
1473,0.0,1.0,Gd,1324,GLQ,113,452,1968.0,1473,25095,65.0,0.0,48,8,5,1437,1968,2003,143000
1187,530.0,3.0,Mn,902,LwQ,254,400,1990.0,1717,13758,44.0,117.0,36,5,7,1156,1990,1991,187500
1166,0.0,2.0,Gd,655,GLQ,201,400,2005.0,1166,9587,59.0,182.0,0,5,7,856,2005,2005,190000
1370,0.0,2.0,Mn,24,GLQ,1346,484,2006.0,1370,6442,44.0,178.0,49,5,8,1370,2006,2006,202500
1724,0.0,3.0,1,528,ALQ,1152,480,1967.0,1724,17871,,359.0,0,5,6,1680,1967,1976,197900
970,739.0,,2,0,Unf,970,380,2004.0,1709,2522,24.0,50.0,40,5,7,970,2004,2004,130000
483,,2.0,2,358,ALQ,125,264,1971.0,987,1680,21.0,604.0,0,3,6,483,1971,1971,89500
901,901.0,4.0,2,352,LwQ,441,216,1920.0,1802,7588,54.0,0.0,0,6,7,793,1920,1950,200100
1170,1175.0,4.0,2,503,Rec,449,360,1932.0,2345,16560,80.0,0.0,0,8,6,952,1932,1950,239000
1068,0.0,3.0,2,663,GLQ,396,264,1963.0,1068,8414,70.0,0.0,0,8,6,1059,1963,2003,154500
1617,0.0,2.0,2,165,LwQ,598,533,1993.0,1617,8012,50.0,0.0,69,5,6,1604,1993,1994,193000
1244,0.0,3.0,2,777,Rec,467,336,1957.0,1244,11988,90.0,0.0,40,6,6,1244,1957,1957,150000
1180,0.0,2.0,2,0,Unf,700,252,1922.0,1180,11600,80.0,0.0,0,5,4,700,1922,1950,137500
520,623.0,2.0,2,0,Unf,600,480,2005.0,1223,2544,24.0,0.0,166,5,7,600,2005,2005,147400
1686,0.0,3.0,2,625,BLQ,0,612,1980.0,1686,10240,79.0,157.0,131,6,6,1686,1980,1980,207500
1646,0.0,3.0,Gd,1513,GLQ,125,800,2008.0,1646,9520,71.0,338.0,44,5,8,1638,2007,2008,293077
1144,0.0,3.0,2,594,BLQ,270,264,1961.0,1144,10000,80.0,0.0,0,6,5,864,1961,1983,131400
939,858.0,3.0,1,0,Unf,939,639,2006.0,1797,9245,79.0,0.0,53,5,7,939,2006,2006,213500
1224,0.0,2.0,,0,,0,462,1962.0,1224,9842,70.0,0.0,0,5,4,0,1962,1962,101800
992,873.0,3.0,2,735,GLQ,257,839,2000.0,1865,10316,,0.0,184,5,7,992,2000,2000,235000
1056,0.0,3.0,2,846,Rec,210,308,1958.0,1056,8176,70.0,0.0,0,6,5,1056,1958,1992,139000
1966,1174.0,4.0,2,0,Unf,1926,820,2009.0,3140,13518,104.0,860.0,78,5,9,1926,2008,2009,485000
1212,0.0,3.0,1,506,ALQ,0,492,1978.0,1212,8471,88.0,46.0,12,7,6,506,1977,1995,151000
1694,0.0,3.0,1,1369,GLQ,317,636,2004.0,1694,10084,75.0,186.0,57,5,8,1686,2004,2005,307000
802,709.0,3.0,1,714,GLQ,88,413,1997.0,1511,11207,70.0,0.0,75,5,6,802,1997,1997,185000
1057,0.0,3.0,2,731,GLQ,326,246,1953.0,1057,7922,68.0,0.0,52,7,5,1057,1953,2007,109000
1246,1044.0,4.0,2,0,Unf,777,560,1971.0,2290,11340,60.0,0.0,0,6,4,777,1885,1950,122500
1377,806.0,4.0,2,1002,GLQ,0,786,1988.0,2183,13837,,178.0,0,5,7,1204,1988,1988,229000
1699,1523.0,5.0,Mn,1470,GLQ,203,594,1990.0,3222,12376,90.0,0.0,0,5,7,1673,1990,1990,320000
909,807.0,2.0,2,0,Unf,880,512,1996.0,1716,8750,70.0,0.0,120,5,7,880,1996,1996,191000
1342,0.0,3.0,2,251,Rec,491,457,1967.0,1342,9790,,0.0,0,5,6,1372,1967,1967,161500
1504,0.0,2.0,2,16,GLQ,1330,437,2005.0,1504,3182,43.0,14.0,20,5,7,1346,2005,2006,191000
1053,,3.0,2,0,Unf,1053,648,2003.0,1992,9375,75.0,768.0,45,5,8,1053,2003,2004,250000
624,628.0,2.0,2,510,BLQ,90,462,1999.0,1252,2160,24.0,212.0,48,5,7,600,1999,2000,160000
999,0.0,3.0,2,588,ALQ,411,264,1963.0,999,7758,,0.0,132,7,5,999,1962,2001,132500
741,622.0,3.0,2,0,,622,528,1966.0,1363,7740,60.0,0.0,0,7,4,622,1910,1950,125500
1165,0.0,3.0,Gd,312,Rec,276,490,1966.0,1165,9020,82.0,183.0,129,7,6,1127,1966,1966,174900
1668,0.0,3.0,1,1059,GLQ,567,702,2002.0,1668,11248,90.0,215.0,45,5,9,1626,2002,2002,285000
1158,1218.0,4.0,1,0,Unf,1158,853,2005.0,2376,14215,101.0,380.0,154,5,8,1158,2005,2006,325300
889,551.0,3.0,2,0,Unf,540,352,1940.0,1440,5000,63.0,0.0,0,4,5,540,1900,1950,79000
794,676.0,,1,182,GLQ,612,388,1997.0,1470,13869,,0.0,75,6,6,794,1997,1997,177000
1541,0.0,3.0,Mn,1201,,340,532,2005.0,1541,12182,95.0,226.0,70,5,7,1541,2005,2005,220000
1440,0.0,4.0,2,133,ALQ,1307,0,,1440,12108,92.0,270.0,0,4,4,1440,1955,1955,118000
1146,0.0,3.0,1,786,GLQ,82,438,2003.0,1146,9590,73.0,442.0,22,5,7,868,2003,2003,187500
1494,0.0,,1,437,LwQ,0,481,1995.0,1494,9549,30.0,0.0,30,5,8,1494,1995,1996,270000
1462,,4.0,2,1170,GLQ,292,738,2004.0,2224,8834,74.0,216.0,0,5,9,1462,2004,2005,350000
820,523.0,3.0,2,0,Unf,731,186,1921.0,1343,7681,54.0,0.0,0,6,5,731,1921,1950,154900
1210,1242.0,4.0,2,281,,747,683,1998.0,2452,16226,66.0,0.0,50,5,8,1028,1998,1999,267000
1127,850.0,4.0,2,442,Rec,374,540,1964.0,1977,9500,100.0,272.0,52,6,6,816,1964,1978,165000
1064,703.0,2.0,2,495,GLQ,354,504,1987.0,1767,5306,44.0,0.0,35,7,7,1064,1987,1987,239000
1324,,2.0,2,863,GLQ,461,550,2006.0,1324,6240,48.0,176.0,38,5,8,1324,2006,2006,254000
912,546.0,3.0,2,0,Unf,912,330,1948.0,1458,17503,78.0,0.0,0,5,6,912,1948,1950,97500
1314,0.0,3.0,2,24,GLQ,1290,440,2006.0,1314,9317,78.0,0.0,22,5,6,1314,2006,2006,176432
1575,0.0,,2,430,GLQ,1145,529,1992.0,1575,8012,50.0,0.0,0,5,6,1575,1992,1992,179200
1620,0.0,2.0,Gd,1022,GLQ,598,912,2008.0,1620,12898,89.0,70.0,0,5,9,1620,2007,2008,315500
1104,684.0,5.0,1,0,Unf,1104,304,1957.0,1788,11250,,0.0,0,5,4,1104,1957,1989,161500
913,0.0,3.0,Gd,187,LwQ,0,240,1990.0,913,8400,70.0,0.0,0,5,6,814,1966,1966,129000
2073,0.0,,2,790,ALQ,589,500,1978.0,2073,13175,85.0,119.0,0,6,6,1542,1978,1988,210000
764,677.0,2.0,2,0,Unf,776,492,1999.0,1441,2645,24.0,456.0,0,5,8,776,1999,2000,174000
815,875.0,3.0,2,0,Unf,815,225,1916.0,1690,8850,65.0,0.0,0,6,7,815,1916,1950,144000
1437,0.0,3.0,2,988,Rec,200,576,1999.0,1437,14175,,0.0,0,6,5,1188,1956,1987,168000
2156,0.0,3.0,2,297,BLQ,1203,508,1968.0,2156,20781,,0.0,80,7,7,1568,1968,2003,262500
864,0.0,2.0,2,468,Rec,396,0,,864,5604,67.0,0.0,0,6,5,864,1925,1950,98000
536,576.0,3.0,2,129,Rec,175,336,1976.0,1112,2592,36.0,0.0,0,3,5,536,1976,1976,85000
1122,1121.0,4.0,2,700,ALQ,0,746,1990.0,2243,13474,116.0,246.0,44,5,7,700,1990,1991,225000
810,518.0,3.0,2,0,Unf,686,210,1940.0,1328,9906,57.0,0.0,172,4,4,686,1925,1950,107000
968,0.0,4.0,2,0,Unf,656,216,1928.0,968,10800,60.0,0.0,0,6,4,656,1927,2007,64500
698,698.0,3.0,2,0,Unf,698,384,2003.0,1396,8730,60.0,0.0,0,7,6,698,1915,2003,153575
1856,0.0,1.0,1,1445,GLQ,411,834,2010.0,1856,11394,88.0,350.0,0,2,9,1856,2010,2010,394432
1610,551.0,3.0,2,1288,GLQ,294,789,2007.0,2161,10562,86.0,300.0,120,5,8,1582,2007,2007,325624
1602,0.0,3.0,2,1246,ALQ,356,529,1977.0,1602,16635,,126.0,0,7,6,1602,1977,2000,215000
630,672.0,3.0,2,0,Unf,630,280,1991.0,1302,1680,21.0,142.0,0,5,5,630,1971,1971,112000
807,702.0,3.0,2,457,GLQ,326,393,2002.0,1509,7861,,0.0,75,5,6,783,2002,2003,183200
912,0.0,2.0,2,737,ALQ,175,352,1962.0,912,12968,,0.0,0,6,5,912,1962,1962,144000
1004,,3.0,2,399,ALQ,605,420,1950.0,1664,5000,50.0,0.0,24,7,6,1004,1947,1950,159000
1390,304.0,4.0,2,423,Rec,758,576,1925.0,1694,8400,60.0,0.0,0,5,6,1181,1925,1950,136500
747,0.0,2.0,2,0,Unf,747,220,1945.0,747,4608,47.0,0.0,0,6,4,747,1945,1950,80000
1040,0.0,2.0,,0,,0,420,1950.0,1040,7200,60.0,0.0,29,5,4,0,1950,1950,109900
831,829.0,3.0,2,0,Unf,831,493,2002.0,1660,8935,68.0,95.0,68,5,7,831,2002,2002,195000
1026,665.0,3.0,2,218,LwQ,808,308,1924.0,1691,5000,50.0,0.0,0,6,5,1026,1924,1950,127000
864,0.0,3.0,2,398,ALQ,317,720,1980.0,864,7200,60.0,0.0,0,8,5,864,1950,2002,129000
752,0.0,2.0,2,623,ALQ,0,264,1984.0,752,7175,50.0,0.0,0,5,6,744,1984,1984,125000
963,829.0,3.0,2,361,GLQ,602,564,2001.0,1792,12435,80.0,172.0,96,5,7,963,2001,2001,231500
764,862.0,2.0,2,0,Unf,764,474,2003.0,1626,2628,36.0,106.0,27,5,7,764,2003,2003,175500
1484,0.0,,1,428,GLQ,1048,472,2006.0,1484,9037,64.0,32.0,33,5,8,1476,2006,2006,265900
1675,1818.0,3.0,2,0,Unf,1470,870,2003.0,3493,18386,87.0,0.0,0,9,7,1470,1880,2002,295000
1652,0.0,2.0,2,1572,GLQ,80,840,2006.0,1652,13173,108.0,300.0,102,5,9,1652,2006,2007,325000
1276,0.0,,2,0,Unf,1276,350,1958.0,1276,9571,68.0,0.0,0,3,5,1276,1958,1958,60000
1112,,3.0,2,120,BLQ,736,271,1950.0,1668,9600,80.0,0.0,0,8,6,856,1950,2005,140000
720,472.0,4.0,2,0,Unf,720,0,,1192,10800,60.0,0.0,0,4,4,720,1949,1950,135000
884,0.0,2.0,1,747,ALQ,0,504,1983.0,884,9180,,0.0,0,7,5,840,1983,1983,144000
1180,,3.0,Gd,1065,GLQ,92,454,1988.0,2062,14364,,128.0,55,5,7,1157,1988,1989,277000
827,0.0,2.0,,0,,0,392,1967.0,827,7200,60.0,0.0,0,7,5,0,1955,2007,107500
1136,883.0,3.0,2,0,Unf,728,532,1997.0,2019,11414,60.0,0.0,135,8,7,728,1910,1993,167500
616,688.0,3.0,Mn,0,Unf,264,336,1976.0,1304,2665,,0.0,24,6,5,264,1976,1976,115000
684,684.0,3.0,2,0,Unf,684,216,1930.0,1368,3600,60.0,0.0,158,7,6,684,1910,1993,114504
840,765.0,3.0,2,0,Unf,840,379,1915.0,1605,5790,60.0,0.0,0,6,3,840,1915,1950,107400
2020,0.0,3.0,2,1436,GLQ,570,900,2009.0,2020,12220,94.0,305.0,54,5,10,2006,2009,2009,402861
625,625.0,2.0,2,0,Unf,625,528,2006.0,1250,4251,35.0,0.0,54,5,7,625,2006,2007,164700
1624,0.0,2.0,2,1456,GLQ,168,757,1994.0,1624,12461,89.0,0.0,114,5,8,1624,1994,1995,262000
845,0.0,2.0,2,565,ALQ,280,360,1987.0,845,7599,69.0,0.0,0,6,4,845,1982,2006,129500
1389,0.0,2.0,1,1071,ALQ,195,418,1975.0,1389,10010,77.0,0.0,38,5,5,1389,1974,1975,170000
968,0.0,2.0,2,0,Unf,968,480,1935.0,968,8520,60.0,0.0,0,6,5,968,1923,2006,100000
546,546.0,3.0,2,0,Unf,546,286,1970.0,1092,2001,21.0,80.0,0,5,4,546,1970,1970,75000
848,0.0,1.0,1,685,GLQ,163,420,2003.0,848,4435,,170.0,0,5,6,848,2003,2004,144000
1269,0.0,3.0,2,374,BLQ,363,308,1964.0,1269,7931,70.0,0.0,0,6,5,1269,1960,1960,155000
1092,0.0,3.0,2,170,LwQ,252,288,1962.0,1092,11616,,116.0,20,5,5,1092,1962,1962,139000
1468,795.0,3.0,2,795,ALQ,0,539,1977.0,2263,16659,,34.0,250,7,7,795,1977,1994,235000
952,0.0,2.0,2,228,ALQ,724,283,1956.0,952,8475,,0.0,0,7,4,952,1956,1956,135750
736,716.0,2.0,2,0,Unf,736,0,,1452,4456,33.0,0.0,0,5,4,736,1920,2008,113000
1039,0.0,3.0,Mn,841,BLQ,198,504,1965.0,1039,11625,75.0,0.0,0,4,5,1039,1965,1965,131500
1204,0.0,2.0,2,866,GLQ,338,412,1998.0,1204,4500,32.0,320.0,247,5,6,1204,1998,1998,162000
1117,0.0,3.0,1,422,ALQ,480,672,1976.0,1117,7819,94.0,0.0,0,5,6,1029,1976,1976,107000
2196,0.0,,Mn,485,ALQ,1496,701,1990.0,2196,14684,90.0,234.0,70,7,7,2158,1990,1991,271900
985,0.0,3.0,1,595,GLQ,390,328,1977.0,985,8385,65.0,220.0,0,8,5,985,1977,1977,149900
1629,0.0,3.0,2,1124,GLQ,1603,880,2003.0,1629,10655,85.0,296.0,0,5,8,3206,2003,2004,284000
877,600.0,3.0,2,0,Unf,861,216,1928.0,1477,6292,52.0,0.0,50,7,7,861,1928,1950,145000
980,0.0,3.0,2,560,BLQ,420,484,1986.0,980,7064,71.0,153.0,0,6,5,980,1977,1977,135000
1166,1129.0,4.0,2,728,GLQ,367,590,1992.0,2295,13346,,0.0,40,5,7,1095,1992,2000,268000
900,602.0,3.0,2,0,Unf,602,180,1923.0,1502,10592,55.0,0.0,0,7,6,602,1923,1996,165000
1575,626.0,4.0,1,0,,697,432,1966.0,2201,19690,,0.0,236,7,6,697,1966,1966,274970
1050,1028.0,3.0,2,789,GLQ,245,836,2008.0,2078,10800,85.0,100.0,102,5,8,1034,2007,2008,339750
800,0.0,1.0,2,0,Unf,264,0,,800,6120,51.0,0.0,0,3,2,264,1936,1950,60000
1578,0.0,3.0,2,0,Unf,1573,840,2008.0,1578,9262,78.0,194.0,36,5,8,1573,2008,2009,287090
1932,0.0,2.0,1,1336,GLQ,596,774,2008.0,1932,12444,96.0,426.0,66,5,8,1932,2008,2008,394617
1507,0.0,4.0,2,666,ALQ,409,404,1960.0,1507,7910,70.0,0.0,0,5,5,1075,1960,1960,127000
900,0.0,3.0,2,450,BLQ,432,280,1970.0,900,9819,,31.0,0,5,5,882,1967,1967,122000
1718,,3.0,Gd,1172,GLQ,528,786,2008.0,1718,12456,96.0,230.0,48,5,10,1700,2006,2007,337500
1089,661.0,3.0,2,0,Unf,636,240,1937.0,1750,9000,50.0,0.0,0,6,5,636,1880,1991,124000
1383,1015.0,3.0,2,719,,660,834,1996.0,2398,11787,95.0,594.0,60,5,7,1379,1996,1997,315750
774,1194.0,4.0,2,0,,774,680,2009.0,1968,12003,92.0,84.0,75,5,8,774,2009,2010,269500
1536,0.0,3.0,1,810,GLQ,726,532,2002.0,1536,9135,70.0,113.0,74,5,7,1536,2002,2003,214000
864,0.0,2.0,2,203,Rec,661,200,1938.0,864,8212,45.0,0.0,0,3,3,864,1914,1950,58500
3228,0.0,,2,1231,GLQ,1969,546,1992.0,3228,12692,,0.0,75,5,8,3200,1992,1993,430000
1518,631.0,1.0,2,1351,GLQ,83,670,2003.0,2149,12822,48.0,0.0,43,5,7,1434,2003,2003,239686
1320,1320.0,4.0,2,0,Unf,1240,864,1950.0,2640,11700,65.0,0.0,0,7,7,1240,1880,2003,265979
1682,0.0,3.0,2,0,Unf,1304,530,1970.0,1682,10400,80.0,288.0,0,6,7,1304,1970,1970,174000
1038,1060.0,,Mn,0,Unf,1030,878,2005.0,2098,10240,80.0,178.0,52,5,8,1030,2005,2005,275500
864,0.0,3.0,2,553,Rec,0,360,1965.0,864,8281,60.0,0.0,0,5,5,864,1965,1965,62383
1168,800.0,,1,562,,29,530,1969.0,1968,11075,,232.0,189,4,5,784,1969,1969,172000
1097,,3.0,2,338,GLQ,702,480,1986.0,1097,9672,81.0,0.0,0,5,6,1040,1984,1985,152000
684,512.0,3.0,Mn,0,Unf,684,528,2005.0,1196,12354,67.0,0.0,46,8,6,684,1920,2000,110000
1252,668.0,4.0,2,57,ALQ,554,451,1958.0,1920,13650,,0.0,0,5,5,1052,1958,1958,172500
1728,0.0,6.0,2,231,LwQ,1497,576,1987.0,1728,13101,74.0,108.0,0,5,5,1728,1965,1965,142600
1128,903.0,3.0,2,804,GLQ,324,577,2002.0,2031,9473,75.0,,211,5,8,1128,2002,2002,237000
1196,0.0,2.0,2,616,LwQ,580,297,1956.0,1196,9000,72.0,74.0,44,5,6,1196,1956,1956,139000
803,0.0,2.0,1,116,BLQ,604,360,1941.0,803,5000,50.0,0.0,0,6,5,720,1941,1950,87000
780,840.0,4.0,2,493,Rec,0,462,1969.0,1620,10793,80.0,263.0,0,5,5,780,1969,1969,152000
2097,0.0,1.0,Mn,1721,,356,1134,2005.0,2097,20896,49.0,0.0,267,5,8,2077,2005,2006,423000
1869,0.0,2.0,2,0,Unf,1869,617,2007.0,1869,7820,68.0,362.0,54,5,9,1869,2007,2007,318061
956,930.0,,2,0,Unf,930,431,1998.0,1886,11214,,0.0,0,5,7,930,1998,1999,199900
480,0.0,,1,50,BLQ,430,308,1958.0,480,9000,50.0,0.0,0,3,2,480,1949,1950,35311
1296,0.0,2.0,,0,,0,516,1967.0,1296,10791,72.0,0.0,0,5,4,0,1967,1967,90000
816,0.0,2.0,Mn,690,ALQ,126,288,1958.0,816,8877,67.0,0.0,0,6,4,816,1938,1958,100000
1601,,3.0,2,704,ALQ,567,478,1978.0,1601,11880,82.0,206.0,0,5,7,1271,1978,1978,157000
962,830.0,3.0,2,0,Unf,936,451,2000.0,1792,10261,93.0,318.0,0,5,6,936,2000,2000,186500
1352,1168.0,5.0,2,1012,GLQ,326,796,1993.0,2520,14541,,0.0,55,7,8,1338,1993,1993,310000
1144,0.0,3.0,1,748,,102,796,1959.0,1144,8163,70.0,128.0,0,6,5,1144,1959,1959,143000
990,1611.0,4.0,2,0,Unf,612,621,1998.0,2601,9842,51.0,0.0,0,6,5,612,1921,1998,189000
972,605.0,3.0,2,0,Unf,972,312,1939.0,1577,6435,65.0,0.0,0,5,6,972,1939,1950,140200
970,0.0,2.0,2,630,GLQ,340,624,1996.0,970,8480,80.0,0.0,24,6,5,970,1963,1963,132500
2036,0.0,3.0,Gd,1236,ALQ,80,513,1965.0,2036,215245,150.0,0.0,0,5,7,2136,1965,1965,375000
1026,,3.0,2,439,GLQ,115,440,1969.0,1026,7930,61.0,0.0,48,8,6,1026,1969,2005,156000
698,0.0,2.0,2,0,Unf,698,0,,698,9405,50.0,0.0,200,9,5,698,1947,2008,118000
1533,0.0,2.0,Gd,655,ALQ,878,576,1975.0,1533,70761,62.0,0.0,54,5,7,1533,1975,1975,280000
854,0.0,2.0,2,360,Rec,360,660,1991.0,1382,12358,,0.0,0,6,5,720,1941,1950,128500
1391,0.0,2.0,Mn,16,,1375,530,2004.0,1391,4282,59.0,0.0,158,5,7,1391,2004,2004,196000
1078,0.0,2.0,Mn,49,,0,240,1950.0,1078,9717,68.0,0.0,0,6,5,1078,1950,1996,142125
1296,0.0,2.0,2,1005,GLQ,262,471,2001.0,1296,6853,,136.0,25,5,8,1267,2001,2002,220000
1442,0.0,4.0,2,608,Rec,834,301,1958.0,1442,9750,75.0,243.0,0,6,6,1442,1958,1958,157900
1024,940.0,4.0,1,0,Unf,940,0,,1964,8525,55.0,0.0,192,6,5,940,1911,1950,130000
1502,0.0,3.0,2,0,Unf,1502,644,2009.0,1502,9541,79.0,268.0,114,5,7,1502,2009,2009,233170
1392,0.0,3.0,2,1040,Rec,352,458,1957.0,1392,11900,80.0,387.0,0,5,6,1392,1957,1957,166000
1768,0.0,4.0,2,0,Unf,1768,0,,1768,10778,72.0,0.0,0,5,4,1768,1968,1968,136500
1582,0.0,4.0,1,812,Rec,812,390,1964.0,1582,36500,,621.0,198,5,5,1624,1964,1964,190000
958,0.0,2.0,Mn,498,BLQ,460,301,1960.0,958,12772,,0.0,0,8,6,958,1960,1998,151500
894,0.0,2.0,1,777,Rec,117,600,1985.0,894,7200,60.0,0.0,0,5,5,894,1972,1972,123000
1224,0.0,2.0,2,883,GLQ,341,402,1999.0,1224,4500,,425.0,304,5,6,1224,1999,1999,165000
1742,590.0,3.0,1,1280,GLQ,402,846,2008.0,2332,12474,96.0,272.0,134,5,10,1682,2007,2008,426000
1269,0.0,2.0,2,24,GLQ,1232,430,2004.0,1269,3182,43.0,16.0,20,5,8,1256,2004,2005,192000
1776,0.0,3.0,Gd,80,GLQ,1652,712,2006.0,1776,15306,93.0,100.0,0,5,8,1732,2006,2007,283463
728,728.0,3.0,2,0,Unf,728,390,2005.0,1456,8461,65.0,0.0,24,5,6,728,2005,2006,163990
1194,0.0,3.0,Mn,655,ALQ,0,539,1954.0,1194,8910,79.0,0.0,0,6,6,655,1959,1959,159500
1008,0.0,2.0,2,643,BLQ,365,240,1953.0,1008,8923,66.0,0.0,18,7,5,1008,1953,2006,134500
1555,0.0,2.0,1,16,GLQ,1357,430,2005.0,1555,3182,43.0,16.0,20,5,7,1373,2005,2006,192500
892,892.0,4.0,Mn,0,Unf,747,180,1914.0,1784,13132,96.0,0.0,40,5,5,747,1914,1950,138887
1108,0.0,3.0,2,0,Unf,637,280,1930.0,1108,7449,57.0,0.0,0,7,7,637,1930,1950,139400
754,640.0,3.0,2,0,,384,400,2007.0,1394,9735,73.0,0.0,0,5,5,384,2006,2007,167500
980,734.0,,2,394,,586,496,1988.0,1714,10421,80.0,42.0,66,5,7,980,1988,1988,196500
882,0.0,3.0,,0,,0,294,1959.0,882,8339,,0.0,0,7,5,0,1959,1959,106500
1306,0.0,3.0,2,0,Unf,728,0,,1306,5350,55.0,0.0,0,2,3,728,1940,1966,76500
626,591.0,3.0,2,0,,626,288,1980.0,1217,10762,75.0,0.0,28,6,6,626,1980,1980,120000
990,0.0,3.0,2,495,GLQ,495,299,1996.0,990,8775,65.0,0.0,64,5,5,990,1994,1994,126000
1132,1320.0,4.0,1,0,Unf,1117,691,2004.0,2452,13418,108.0,132.0,32,5,8,1117,2004,2005,309000
848,0.0,1.0,1,685,GLQ,163,420,2003.0,848,4435,,170.0,0,5,6,848,2003,2003,140000
697,672.0,3.0,2,551,BLQ,121,300,1930.0,1369,6629,54.0,0.0,0,6,6,672,1925,1950,103600
1218,0.0,2.0,2,27,GLQ,1191,676,2009.0,1218,7862,75.0,0.0,102,5,6,1218,2009,2009,208300
1423,748.0,3.0,2,0,Unf,588,672,1993.0,2555,11526,79.0,0.0,0,7,6,588,1922,1994,191000
1247,0.0,1.0,2,1039,GLQ,208,550,2005.0,1247,3316,37.0,0.0,84,5,8,1247,2005,2005,197000
1542,1330.0,4.0,2,896,ALQ,434,619,1977.0,2872,12227,,424.0,282,7,6,1330,1977,1995,272000
1652,0.0,2.0,Gd,1480,GLQ,120,482,2008.0,1652,5587,64.0,186.0,53,5,8,1600,2008,2008,392500
1844,0.0,3.0,2,705,BLQ,1139,546,1977.0,1844,11751,105.0,480.0,122,6,6,1844,1977,1977,190000
1113,858.0,3.0,Mn,341,GLQ,772,689,2005.0,1971,9675,75.0,0.0,48,5,7,1113,2005,2005,253000
1007,793.0,3.0,2,0,Unf,982,463,2000.0,1800,8123,60.0,16.0,63,5,6,982,2000,2000,179000
1062,887.0,3.0,2,750,GLQ,300,574,1993.0,1949,9938,80.0,246.0,90,5,7,1050,1993,1994,236000
630,0.0,1.0,1,150,LwQ,0,0,,630,1491,21.0,0.0,24,6,4,630,1972,1972,75500
1494,0.0,,Mn,922,GLQ,572,530,2002.0,1494,12803,88.0,99.0,36,5,7,1494,2002,2002,221000
600,,,2,0,Unf,600,0,,968,5925,50.0,0.0,0,6,3,600,1910,1950,37900
1274,0.0,3.0,2,925,GLQ,349,508,2005.0,1274,8814,68.0,80.0,98,5,7,1274,2005,2007,203000
1520,0.0,3.0,1,674,BLQ,350,364,1955.0,1520,9600,80.0,164.0,0,6,6,1156,1955,1972,153000
1285,0.0,3.0,2,0,Unf,660,528,1977.0,1285,8197,71.0,148.0,0,5,6,660,1977,1977,143500
807,702.0,3.0,2,0,Unf,783,393,2003.0,1509,7875,63.0,0.0,75,5,7,783,2003,2003,180000
1142,793.0,3.0,2,0,Unf,793,550,1976.0,1935,12384,,233.0,113,7,7,793,1976,1976,197900
816,0.0,3.0,1,816,GLQ,0,0,,816,11841,81.0,104.0,32,5,6,816,1990,1990,118500
1200,0.0,2.0,2,833,,343,555,2003.0,1200,10083,67.0,,41,5,7,1176,2003,2003,184900
997,,4.0,2,0,Unf,941,548,1958.0,1470,8172,60.0,0.0,0,6,4,941,1954,1972,135000
1656,0.0,3.0,Gd,639,BLQ,441,528,1960.0,1656,31770,141.0,112.0,62,5,6,1080,1960,1960,215000
792,0.0,2.0,2,0,Unf,768,240,1924.0,792,9022,52.0,0.0,0,8,5,768,1924,2006,109500
1694,0.0,3.0,2,0,Unf,1694,818,2007.0,1694,12030,93.0,254.0,228,5,8,1694,2007,2007,318000
1800,0.0,3.0,Gd,1274,GLQ,526,765,2002.0,1800,14331,85.0,630.0,78,5,8,1800,2002,2002,312500
1422,915.0,5.0,2,0,Unf,662,560,1945.0,2337,13600,85.0,0.0,57,5,5,662,1900,1950,90000
1168,678.0,3.0,Mn,196,Rec,844,315,1949.0,1846,10496,78.0,320.0,0,6,6,1040,1949,1950,143000
1026,0.0,3.0,Gd,505,GLQ,0,576,1981.0,1026,10970,,0.0,0,6,6,940,1978,1978,147000
904,0.0,3.0,2,0,Unf,876,408,1966.0,904,7162,,41.0,0,7,5,876,1966,1966,109900
1126,0.0,3.0,2,936,ALQ,190,484,1977.0,1126,17400,80.0,0.0,41,5,5,1126,1977,1977,160000
1136,1332.0,4.0,1,970,GLQ,166,872,2004.0,2468,12099,99.0,388.0,154,5,8,1136,2004,2004,354000
988,0.0,1.0,Gd,938,ALQ,0,540,1969.0,988,21453,,0.0,130,5,6,938,1969,1969,180000
1052,0.0,3.0,1,1016,,36,288,1968.0,1052,8400,70.0,168.0,0,5,5,1052,1968,1968,138500
572,524.0,2.0,2,0,Unf,572,0,,1096,9600,60.0,0.0,8,5,6,572,1924,1950,79000
1141,0.0,3.0,2,0,Unf,1141,484,2005.0,1141,13072,63.0,0.0,0,5,6,1141,2005,2005,142500
1012,778.0,4.0,2,247,Rec,485,484,1972.0,1790,10400,80.0,288.0,0,5,6,732,1972,1972,165150
1004,848.0,3.0,Mn,668,GLQ,336,660,1999.0,1852,9066,73.0,320.0,106,5,8,1004,1999,2000,230000
520,0.0,2.0,1,490,GLQ,30,0,,754,6780,60.0,0.0,0,8,6,520,1935,1982,84500
624,720.0,4.0,2,0,Unf,624,513,1916.0,1344,4571,34.0,0.0,0,5,5,624,1916,1950,98000
2207,0.0,3.0,Gd,912,GLQ,1035,576,1970.0,2207,19900,,287.0,0,5,7,1947,1970,1989,180000
1307,1051.0,5.0,2,0,Unf,907,360,1908.0,2358,45600,75.0,0.0,40,8,6,907,1908,1997,240000
1175,1540.0,4.0,2,575,GLQ,487,831,1994.0,2715,8963,,289.0,204,9,8,1142,1976,1996,299800
1364,0.0,2.0,1,659,GLQ,705,484,2005.0,1364,7052,43.0,240.0,36,5,7,1364,2005,2005,185850
1253,0.0,3.0,2,0,Unf,1237,402,1995.0,1253,7875,63.0,38.0,21,5,7,1237,1995,1996,176000
1328,0.0,3.0,2,569,ALQ,678,528,1963.0,1328,9790,,451.0,26,5,6,1328,1963,1963,143000
1422,0.0,3.0,2,0,Unf,978,286,1960.0,1422,12342,,0.0,0,5,5,978,1960,1978,139900
1186,800.0,3.0,2,454,BLQ,314,486,1965.0,1986,13600,85.0,176.0,42,6,7,768,1965,1990,205000
952,0.0,2.0,2,0,Unf,952,192,1916.0,952,8854,,0.0,98,6,6,952,1916,1950,121000
1660,0.0,3.0,Mn,1220,GLQ,440,500,2006.0,1660,10182,85.0,420.0,50,5,8,1660,2006,2006,290000
2234,0.0,1.0,2,1904,GLQ,312,1166,2009.0,2234,17423,63.0,748.0,60,5,9,2216,2008,2009,501837
790,0.0,2.0,Mn,384,,384,160,1925.0,790,6292,52.0,0.0,141,5,6,768,1930,1950,91000
1340,0.0,3.0,1,24,GLQ,1316,396,2007.0,1340,8899,73.0,0.0,30,5,7,1340,2007,2007,181134
1610,0.0,3.0,Mn,1200,ALQ,410,480,1977.0,1610,10603,,28.0,68,7,6,1610,1977,2001,205000
1361,1259.0,4.0,2,498,GLQ,652,600,1977.0,2620,18890,,1.0,24,5,5,1361,1977,1977,190000
1248,0.0,2.0,1,16,GLQ,1232,438,2005.0,1248,3010,43.0,16.0,0,5,7,1248,2005,2006,167240
912,0.0,3.0,Mn,832,GLQ,80,288,1962.0,912,6768,65.0,0.0,0,8,6,912,1961,1996,142000
943,,3.0,Gd,828,GLQ,115,472,1998.0,1638,9042,59.0,0.0,38,5,6,943,1998,1998,192000
1622,0.0,3.0,1,1159,BLQ,90,1356,1975.0,1622,32463,,149.0,0,4,4,1249,1961,1975,168000
1436,884.0,3.0,2,774,ALQ,104,180,1945.0,2320,7259,61.0,0.0,0,8,6,1028,1945,2002,259500
1144,0.0,3.0,2,572,Rec,572,456,1961.0,1144,7875,75.0,136.0,0,6,5,1144,1961,1961,139950
848,672.0,3.0,2,182,Rec,611,281,1968.0,1520,4500,55.0,0.0,0,5,5,793,1932,2000,159434
1516,0.0,3.0,2,196,Rec,975,472,1964.0,1516,10004,100.0,180.0,0,6,6,1516,1964,1964,167000
1498,0.0,2.0,Mn,0,Unf,1498,675,2006.0,1498,8990,73.0,0.0,33,5,7,1498,2006,2006,204900
804,1157.0,3.0,2,690,ALQ,114,560,2001.0,1961,12209,71.0,0.0,192,5,6,804,2001,2002,215000
728,728.0,3.0,2,0,Unf,728,440,2006.0,1456,11103,85.0,0.0,0,5,7,728,2006,2006,155835
1207,1196.0,,Mn,0,Unf,1032,349,1940.0,2403,24090,,0.0,0,7,7,1032,1940,1950,244400
1944,0.0,3.0,Gd,1274,,622,708,2003.0,1944,12378,90.0,0.0,175,5,9,1896,2003,2004,360000
1368,0.0,2.0,2,0,Unf,1368,474,2005.0,1368,6955,48.0,94.0,35,5,7,1368,2005,2006,202500
882,908.0,3.0,2,633,GLQ,240,588,1999.0,1790,9179,68.0,158.0,88,5,7,873,1999,1999,193000
1476,1237.0,3.0,1,1330,GLQ,122,858,2008.0,2713,14948,67.0,268.0,66,5,9,1452,2008,2008,446261
720,551.0,,2,0,Unf,720,312,1948.0,1271,21286,115.0,0.0,0,5,5,720,1948,1950,135000
1872,,3.0,1,929,GLQ,916,604,1988.0,1872,10400,80.0,102.0,39,5,7,1845,1988,1988,241500
1190,900.0,3.0,Mn,828,GLQ,180,577,1984.0,2090,5062,,0.0,0,5,7,1190,1984,1984,207500
882,914.0,3.0,Mn,706,GLQ,88,546,1998.0,1796,9531,,0.0,36,5,6,794,1998,1998,211000
1302,0.0,3.0,1,0,Unf,1302,436,2007.0,1302,8993,73.0,0.0,22,5,7,1302,2007,2007,176485
2524,0.0,4.0,2,1104,ALQ,1420,542,1981.0,2524,9600,80.0,0.0,120,5,8,2524,1981,1981,278000
840,534.0,2.0,2,315,ALQ,420,338,1967.0,1374,5400,90.0,0.0,0,6,4,840,1920,1950,105000
764,862.0,2.0,2,567,GLQ,197,474,2003.0,1626,2268,36.0,106.0,27,5,7,764,2003,2004,173000
735,299.0,2.0,2,0,,735,240,1940.0,1034,10134,60.0,0.0,39,6,5,735,1940,1950,109000
1518,,1.0,Gd,1218,GLQ,300,588,2003.0,1518,12677,62.0,472.0,140,5,8,1518,2003,2004,274000
1226,592.0,4.0,2,224,LwQ,816,240,1951.0,1818,7758,,600.0,0,4,7,1040,1931,1950,169500
1661,0.0,3.0,2,0,Unf,1649,598,1998.0,1661,12137,48.0,442.0,34,5,7,1649,1998,1998,224900
1096,895.0,3.0,Mn,297,Rec,0,432,1977.0,1991,11275,,480.0,0,7,6,854,1932,1950,220000
832,650.0,3.0,2,624,ALQ,26,324,1930.0,1482,9000,50.0,0.0,0,9,7,650,1920,1988,143000
1742,0.0,2.0,Gd,1148,GLQ,594,564,1985.0,1742,6563,,0.0,28,5,8,1742,1985,1985,275000
686,564.0,3.0,2,0,Unf,686,280,1955.0,1250,8248,45.0,0.0,0,7,5,686,1918,1950,116000
816,0.0,3.0,2,0,Unf,816,528,1985.0,1176,6240,52.0,0.0,0,6,6,816,1934,1950,114500
927,988.0,3.0,Mn,789,GLQ,119,506,1992.0,1915,10041,80.0,0.0,150,5,8,908,1992,1992,220000
1192,403.0,2.0,2,388,LwQ,552,240,1940.0,1595,8400,60.0,0.0,0,5,6,940,1940,2000,140000
1661,0.0,3.0,1,831,BLQ,161,377,1955.0,1661,9600,80.0,0.0,28,6,6,992,1955,1996,165500
832,1103.0,3.0,2,544,GLQ,288,552,2009.0,1935,8004,75.0,110.0,150,5,8,832,2009,2009,263435
1795,0.0,3.0,2,0,,1777,534,2002.0,1795,9742,75.0,281.0,159,5,8,1777,2002,2002,230000
847,1081.0,4.0,2,0,,847,434,2003.0,1928,8200,65.0,0.0,48,5,7,847,2003,2004,219500
1159,0.0,3.0,2,673,BLQ,378,336,1968.0,1159,11553,,188.0,0,5,5,1051,1968,1968,158000
855,601.0,3.0,2,311,,544,440,1978.0,1456,2280,24.0,0.0,0,5,6,855,1978,1978,146000
1137,817.0,3.0,2,341,BLQ,457,431,1939.0,1954,15660,,312.0,119,9,7,798,1939,2006,311500
2028,0.0,2.0,Gd,1460,GLQ,408,880,2005.0,2028,11443,88.0,208.0,66,5,8,1868,2005,2006,369900
2898,0.0,2.0,1,1165,ALQ,0,665,1976.0,2898,15498,,0.0,72,6,8,1565,1976,1976,287000
814,860.0,3.0,2,533,GLQ,281,663,2000.0,1674,7500,,0.0,96,5,7,814,2000,2000,216000
974,0.0,3.0,Mn,212,BLQ,762,0,,974,10712,63.0,0.0,28,5,5,974,1991,1992,93500
1091,898.0,3.0,Mn,932,GLQ,133,586,2002.0,1989,11367,90.0,210.0,60,5,8,1065,2002,2002,255000
1080,1017.0,3.0,2,50,BLQ,499,678,1993.0,2097,11228,59.0,0.0,187,5,7,1080,1993,1993,228000
1442,0.0,3.0,2,0,Unf,1424,500,1990.0,1442,11851,99.0,0.0,34,5,7,1424,1990,1990,180500
1130,,2.0,2,821,,299,720,1970.0,1130,10800,60.0,0.0,0,6,5,1120,1920,1950,120000
1133,687.0,4.0,2,329,Rec,697,240,1925.0,1820,9120,60.0,0.0,100,6,7,1026,1925,1950,184000
1378,741.0,3.0,2,0,Unf,689,583,1972.0,2119,10448,,333.0,104,6,6,689,1972,1972,158000
1264,1312.0,4.0,2,0,Unf,1234,666,2006.0,2576,12438,82.0,466.0,100,5,8,1234,2006,2006,361919
780,240.0,2.0,2,0,Unf,780,0,,1020,6342,54.0,0.0,0,8,5,780,1875,1996,94000
1095,679.0,4.0,2,0,Unf,1095,779,1920.0,1774,9600,60.0,0.0,0,2,4,1095,1900,1950,87000
904,0.0,1.0,Gd,350,BLQ,333,0,,904,10020,,0.0,0,1,1,683,1922,1950,61000
673,709.0,3.0,2,641,GLQ,32,490,2000.0,1382,2651,,0.0,50,5,7,673,2000,2000,165000
1518,1518.0,4.0,Mn,0,Unf,1107,840,1993.0,3608,22950,90.0,0.0,260,9,10,1107,1892,1993,475000
1178,1032.0,5.0,Mn,0,Unf,1008,205,1930.0,2210,9900,90.0,0.0,48,4,6,1008,1880,1950,117500
806,766.0,3.0,2,0,Unf,806,373,1995.0,1572,10364,,0.0,40,5,6,806,1995,1996,168000
1824,0.0,2.0,Gd,1219,GLQ,424,739,1971.0,1824,115149,,351.0,48,5,7,1643,1971,2002,302000
1056,0.0,3.0,2,775,BLQ,281,304,1968.0,1056,8450,65.0,0.0,85,6,5,1056,1968,1968,142000
949,272.0,4.0,2,392,BLQ,392,392,1965.0,1221,9738,60.0,0.0,0,7,5,784,1924,1950,104900
1362,0.0,,2,288,ALQ,700,504,1961.0,1362,10197,80.0,491.0,20,5,6,1362,1961,1961,163000
848,0.0,1.0,Gd,697,GLQ,151,420,2004.0,848,4426,,147.0,0,5,6,848,2004,2004,141000
1434,0.0,3.0,2,20,GLQ,1434,527,2001.0,1434,8529,65.0,0.0,39,5,7,1454,2001,2001,189000
1208,,2.0,2,664,GLQ,544,628,2007.0,1208,6762,64.0,108.0,54,5,7,1208,2007,2007,195400
1096,370.0,3.0,2,626,ALQ,170,566,1950.0,1466,10800,60.0,0.0,21,8,5,796,1936,1989,170000
1987,0.0,2.0,Gd,1314,GLQ,672,691,1994.0,1987,14303,91.0,554.0,36,5,8,1986,1994,1994,301500
1325,1093.0,3.0,Gd,1173,GLQ,138,983,1993.0,2418,10542,96.0,651.0,154,5,7,1311,1993,1994,341000
1314,0.0,2.0,2,904,GLQ,410,626,2008.0,1314,5063,34.0,166.0,62,5,7,1314,2007,2008,207500
970,739.0,3.0,2,0,Unf,970,380,2004.0,1709,2522,24.0,50.0,40,5,7,970,2004,2004,137500
672,546.0,3.0,2,0,,672,0,,1218,1680,21.0,236.0,0,5,6,672,1971,1971,91500
1440,1440.0,8.0,2,256,LwQ,1184,0,,3395,10896,60.0,0.0,110,7,6,1440,1914,1995,200000
1200,0.0,3.0,Gd,1200,GLQ,0,0,,1200,10800,60.0,0.0,0,5,5,1200,1987,1988,179000
912,0.0,2.0,2,111,BLQ,522,297,1958.0,912,7535,70.0,0.0,285,7,5,912,1958,1985,120000
2444,1872.0,4.0,Gd,1455,GLQ,989,832,1994.0,4316,21535,104.0,1170.0,50,6,10,2444,1994,1995,755000
856,854.0,3.0,2,706,GLQ,150,548,2003.0,1710,8450,65.0,196.0,61,5,7,856,2003,2003,208500
1234,1140.0,4.0,2,0,Unf,1181,656,2003.0,2374,11999,93.0,340.0,100,5,8,1181,2003,2004,285000
860,704.0,3.0,2,275,Rec,429,234,1941.0,1564,12000,75.0,0.0,0,7,7,704,1941,1950,174500
1466,0.0,3.0,2,176,,1290,528,1959.0,1466,17755,134.0,132.0,140,4,5,1466,1959,1959,149900
1383,0.0,3.0,2,565,Rec,818,292,1960.0,1383,11600,80.0,175.0,45,5,6,1383,1960,1960,145250
1535,0.0,4.0,,0,,0,410,1979.0,1535,7018,64.0,0.0,0,5,5,0,1979,1979,118964
990,0.0,3.0,2,716,ALQ,274,576,1996.0,990,13568,43.0,0.0,0,5,5,990,1995,1995,156000
918,728.0,4.0,2,364,Rec,554,240,1941.0,1646,7128,53.0,0.0,0,5,7,918,1941,1950,164000
908,1020.0,4.0,2,0,Unf,1020,440,1910.0,1928,9142,69.0,0.0,60,8,6,1020,1910,1950,137000
1040,685.0,3.0,2,315,GLQ,114,550,1979.0,1725,11584,80.0,96.0,88,6,7,539,1979,1979,197000
2129,743.0,4.0,2,700,GLQ,983,541,1992.0,2872,10678,85.0,337.0,33,5,8,1683,1992,2000,285000
1092,1020.0,4.0,Mn,500,ALQ,176,576,1969.0,2112,11075,85.0,0.0,0,5,6,952,1969,1969,206900
757,567.0,3.0,2,672,BLQ,0,240,1936.0,1324,6000,50.0,0.0,0,6,4,672,1936,1950,128000
520,600.0,2.0,2,0,Unf,600,480,2005.0,1200,3180,30.0,0.0,166,5,7,600,2005,2005,144152
672,672.0,3.0,2,456,Rec,216,468,1964.0,1344,10690,59.0,0.0,128,7,5,672,1920,1997,147000
840,828.0,3.0,2,0,,840,500,2003.0,1668,11317,72.0,101.0,68,5,7,840,2003,2003,180000
1040,0.0,2.0,,0,,0,400,1949.0,1040,8544,60.0,0.0,0,4,3,0,1950,1950,93500
900,0.0,3.0,Mn,234,,180,576,2005.0,900,7200,60.0,0.0,32,7,5,900,1951,2000,134800
1559,0.0,,2,338,Rec,1221,812,1948.0,1559,8100,90.0,0.0,116,6,5,1559,1948,1973,153500
948,0.0,3.0,2,492,ALQ,372,248,1954.0,948,10215,75.0,132.0,0,5,4,864,1954,1954,111000
923,,2.0,2,543,BLQ,261,264,1980.0,923,8012,50.0,0.0,0,5,6,923,1980,1980,143000
1552,0.0,3.0,1,24,GLQ,1528,782,2005.0,1552,10084,84.0,196.0,20,5,7,1552,2005,2006,212900
961,,,2,216,ALQ,540,642,1998.0,1717,9550,60.0,0.0,35,5,7,756,1915,1970,140000
1721,0.0,3.0,2,570,Rec,891,440,1968.0,1721,10335,78.0,0.0,96,6,5,1461,1968,1993,180000
483,504.0,2.0,2,330,BLQ,153,264,1973.0,987,1680,21.0,158.0,0,5,6,483,1973,1973,100000
1200,0.0,3.0,2,334,ALQ,322,521,1995.0,1200,11249,105.0,0.0,26,5,6,1200,1995,1995,177500
1148,568.0,3.0,2,292,LwQ,476,281,1949.0,1716,11409,60.0,0.0,0,4,5,768,1949,2008,131000
894,0.0,3.0,2,553,GLQ,224,336,1973.0,894,8450,65.0,0.0,144,8,5,894,1965,2009,138500
1771,0.0,3.0,,0,,0,336,1960.0,1771,21750,100.0,75.0,0,4,5,0,1960,2006,115000
1173,0.0,3.0,Gd,885,GLQ,0,528,1974.0,1173,10625,85.0,81.0,120,6,7,1053,1974,1974,170000
1287,0.0,3.0,2,72,ALQ,733,576,1997.0,1287,9830,,0.0,17,7,5,1063,1959,2006,162000
1382,0.0,3.0,2,547,Rec,504,459,1974.0,1382,11235,75.0,51.0,82,5,4,1051,1963,1979,148000
1214,1306.0,4.0,2,565,GLQ,638,721,1995.0,2520,9950,82.0,290.0,114,5,7,1203,1995,1995,290000
1215,0.0,3.0,2,585,Rec,630,297,1958.0,1215,12400,66.0,176.0,0,7,6,1215,1958,1998,155000
1203,1323.0,4.0,2,740,GLQ,425,844,1994.0,2526,10120,92.0,391.0,78,5,8,1165,1994,1994,290000
600,600.0,2.0,2,0,Unf,600,480,2004.0,1200,3182,30.0,0.0,172,5,7,600,2004,2005,151000
1728,0.0,4.0,2,1606,ALQ,122,560,1976.0,1728,9297,63.0,0.0,0,5,5,1728,1976,1976,188000
902,808.0,3.0,2,0,Unf,576,480,1990.0,1710,10300,50.0,0.0,11,6,7,576,1921,1950,140000
1407,985.0,3.0,2,1074,GLQ,322,870,1997.0,2392,9452,82.0,423.0,70,5,8,1396,1997,1998,348000
1014,730.0,3.0,2,402,BLQ,594,457,1993.0,1744,9453,,0.0,70,7,7,996,1993,2003,194500
822,843.0,3.0,2,0,Unf,813,562,2007.0,1665,8125,65.0,,0,6,7,813,2007,2007,205950
1282,1414.0,4.0,1,984,GLQ,280,792,2007.0,2696,9965,77.0,220.0,184,5,7,1264,2007,2007,383970
864,0.0,3.0,2,616,ALQ,248,528,1974.0,864,9000,60.0,0.0,0,6,4,864,1971,1971,120500
672,0.0,2.0,2,344,Rec,328,234,1941.0,672,9340,50.0,0.0,113,6,4,672,1941,1950,113000
1320,0.0,3.0,1,328,LwQ,285,564,1966.0,1320,11777,96.0,97.0,68,6,5,1164,1966,1966,164500
958,,2.0,2,120,ALQ,958,440,1977.0,958,4928,,0.0,205,5,6,1078,1976,1976,128000
1710,0.0,3.0,Mn,0,Unf,1710,550,2004.0,1710,12118,43.0,108.0,48,5,7,1710,2004,2005,240000
1265,0.0,3.0,Gd,633,ALQ,586,502,1965.0,1265,9350,85.0,0.0,92,8,5,1219,1965,1999,179900
1456,0.0,2.0,Gd,0,Unf,1273,400,2003.0,1456,3196,,40.0,20,5,8,1273,2003,2003,215000
1067,472.0,,2,0,Unf,927,576,1995.0,1539,6120,51.0,0.0,0,6,5,927,1936,1950,141500
1959,0.0,5.0,2,0,Unf,1907,766,1989.0,1959,11070,82.0,70.0,0,5,7,1907,1988,1989,171000
1008,0.0,4.0,2,0,Unf,1008,0,,1522,6000,60.0,0.0,0,5,5,1008,1926,1950,102000
1124,0.0,3.0,,0,,0,0,,1124,8335,77.0,0.0,36,5,5,0,1954,1954,93000
1107,983.0,3.0,Mn,859,ALQ,216,484,1973.0,2090,10382,,240.0,204,6,7,1107,1973,1973,200000
1214,0.0,2.0,2,698,ALQ,420,461,1965.0,1214,9170,70.0,0.0,0,7,5,1214,1965,1965,140000
1779,0.0,3.0,Mn,306,ALQ,372,454,1955.0,1779,17920,102.0,0.0,418,4,5,1763,1955,1974,170000
1629,0.0,3.0,1,1300,GLQ,316,808,2002.0,1629,14536,85.0,236.0,252,5,8,1616,2002,2003,270000
1554,0.0,2.0,Mn,24,GLQ,1530,627,2006.0,1554,4590,34.0,108.0,73,5,8,1554,2006,2006,209500
993,1243.0,4.0,2,0,Unf,964,642,1997.0,2236,13006,,285.0,0,5,7,964,1997,1997,222000
796,0.0,2.0,2,0,Unf,796,0,,796,3636,40.0,0.0,0,4,4,796,1922,1950,55000
840,840.0,,2,0,Unf,840,308,1960.0,1680,15576,63.0,0.0,0,7,6,840,1915,1976,177000
848,0.0,1.0,1,686,GLQ,162,420,2003.0,848,4435,37.0,170.0,0,5,6,848,2003,2003,136500
1142,0.0,3.0,2,874,ALQ,268,528,1976.0,1142,4224,44.0,0.0,90,5,5,1142,1976,1976,134000
1252,0.0,1.0,Gd,429,BLQ,93,564,1960.0,1252,13500,,0.0,0,7,6,1602,1960,1975,235000
1684,0.0,2.0,2,28,GLQ,1656,564,2005.0,1684,8849,63.0,616.0,72,5,9,1684,2005,2005,266000
2000,0.0,3.0,2,1464,GLQ,536,888,2004.0,2000,10386,80.0,246.0,0,5,8,2000,2004,2005,305900
1616,0.0,3.0,1,0,Unf,1616,834,2005.0,1616,8688,73.0,228.0,59,5,7,1616,2005,2005,232000
1299,573.0,3.0,1,990,GLQ,309,531,2001.0,1872,11885,,108.0,122,5,8,1299,2001,2001,261500
1042,534.0,3.0,2,0,Unf,1042,225,1928.0,1576,6240,52.0,0.0,0,6,5,1042,1928,1950,149000
1175,807.0,3.0,1,421,GLQ,386,575,1989.0,1982,11287,82.0,340.0,84,6,7,807,1989,1989,228500
988,0.0,3.0,2,534,BLQ,246,276,1950.0,988,7200,60.0,0.0,80,7,5,876,1950,1950,119000
1844,0.0,2.0,2,976,GLQ,868,620,2005.0,1844,10994,88.0,366.0,44,5,8,1844,2005,2006,257000
1258,0.0,3.0,2,656,ALQ,602,528,1971.0,1258,11040,80.0,144.0,0,7,6,1258,1971,2004,145000
1288,0.0,1.0,2,786,GLQ,474,500,1996.0,1288,14963,38.0,0.0,30,5,8,1260,1996,1996,245500
1634,0.0,3.0,2,0,Unf,1626,866,2006.0,1634,11428,98.0,248.0,44,5,8,1626,2006,2006,250000
855,,3.0,2,257,ALQ,103,440,1974.0,1322,2308,24.0,0.0,0,5,6,855,1974,1974,147000
707,707.0,3.0,1,0,Unf,707,403,2004.0,1414,9056,74.0,0.0,35,5,8,707,2004,2004,178000
1504,0.0,3.0,Gd,690,GLQ,814,478,1996.0,1504,11883,73.0,196.0,66,5,7,1504,1996,1996,203000
1670,0.0,3.0,2,0,Unf,1670,690,2006.0,1670,14859,50.0,27.0,60,5,7,1670,2006,2006,240000
1516,651.0,,Gd,125,LwQ,36,518,1974.0,2167,17542,,0.0,47,7,7,1192,1974,2003,294000
1069,0.0,2.0,2,559,ALQ,510,440,1977.0,1069,4043,53.0,0.0,55,6,6,1069,1977,1977,140000
1072,0.0,2.0,Gd,547,GLQ,0,525,2005.0,1072,3675,35.0,82.0,44,5,6,547,2005,2006,140000
1572,0.0,3.0,Gd,1159,Rec,413,995,1963.0,1572,35133,50.0,226.0,263,4,5,1572,1963,1963,186700
1188,561.0,,2,1088,LwQ,0,456,1963.0,1869,8820,98.0,0.0,0,6,5,1088,1890,1996,124900
882,0.0,1.0,2,0,Unf,882,0,,882,5500,55.0,0.0,0,6,4,882,1956,1956,103200
1922,0.0,3.0,Gd,1249,GLQ,673,676,2005.0,1922,14157,86.0,200.0,51,5,9,1922,2005,2006,377426
780,0.0,2.0,1,632,ALQ,148,352,1973.0,780,7200,60.0,0.0,0,7,5,780,1972,1972,124900
1021,580.0,,2,0,Unf,533,300,1958.0,1601,13825,85.0,0.0,34,6,5,533,1958,1987,140000
1530,0.0,,1,1274,ALQ,256,430,2005.0,1530,16158,124.0,16.0,36,5,7,1530,2005,2005,260000
833,0.0,3.0,2,625,,208,0,,833,8780,,0.0,0,5,5,833,1985,1985,112000
679,504.0,2.0,2,331,ALQ,318,308,1981.0,1183,6000,50.0,0.0,176,7,3,649,1948,2002,120000
1040,0.0,3.0,2,659,ALQ,381,260,1962.0,1040,6897,,0.0,104,8,5,1040,1962,2010,127000
1466,1362.0,4.0,Gd,1150,GLQ,316,1052,2006.0,2828,9965,77.0,340.0,144,5,8,1466,2006,2007,424870
1032,220.0,3.0,2,280,BLQ,752,288,1950.0,1252,9600,80.0,0.0,0,5,6,1032,1950,1950,119000
1246,0.0,3.0,2,340,LwQ,0,305,1959.0,1246,7500,75.0,0.0,0,7,5,1246,1959,1994,154000
904,0.0,2.0,2,0,Unf,884,180,1926.0,904,6000,50.0,0.0,0,7,6,884,1926,2004,119000
966,686.0,4.0,2,686,LwQ,0,416,1961.0,1652,10800,60.0,0.0,0,6,5,686,1915,1950,139000
1036,0.0,3.0,2,375,Rec,457,288,1949.0,1268,12144,60.0,0.0,28,7,5,832,1949,1950,133000
1172,741.0,3.0,2,0,Unf,896,342,1929.0,1913,7558,57.0,0.0,0,6,6,896,1928,1950,177000
1358,,,Mn,733,,625,484,2010.0,1358,6371,44.0,128.0,35,5,7,1358,2009,2010,224000
1657,0.0,3.0,2,1237,LwQ,420,484,1970.0,1657,12155,,0.0,0,3,6,1657,1970,1970,163500
838,0.0,2.0,Mn,210,Rec,0,275,1961.0,838,10267,55.0,0.0,0,7,6,816,1918,2000,130000
1022,1038.0,3.0,2,772,ALQ,220,390,1999.0,2060,8755,,298.0,0,5,7,992,1999,1999,214000
764,862.0,2.0,2,573,GLQ,191,474,2003.0,1626,2448,36.0,106.0,27,5,7,764,2003,2004,154000
663,689.0,4.0,2,371,ALQ,292,299,1969.0,1352,9364,80.0,143.0,36,7,6,663,1969,1969,158000
968,408.0,3.0,2,368,Rec,359,240,1941.0,1376,9492,79.0,0.0,0,5,5,768,1941,1950,105000
849,811.0,3.0,2,326,LwQ,389,240,1939.0,1660,11988,74.0,0.0,0,7,6,715,1934,1995,188700
616,796.0,3.0,2,0,Unf,616,432,2007.0,1412,8499,73.0,0.0,36,5,6,616,2006,2007,156932
756,713.0,3.0,2,0,,756,216,1906.0,1469,10320,60.0,0.0,0,7,6,756,1906,1995,135000
774,656.0,3.0,2,0,,384,400,2000.0,1430,9967,76.0,0.0,0,5,7,384,2000,2000,170000
1094,0.0,3.0,Mn,500,Rec,594,495,1953.0,1094,10452,85.0,216.0,0,5,6,1094,1953,1953,155000
1826,0.0,3.0,Gd,1422,GLQ,392,758,2005.0,1826,11302,69.0,238.0,75,5,8,1814,2005,2006,319000
672,252.0,,Mn,0,,672,576,2003.0,924,8064,60.0,0.0,0,7,5,672,1949,2006,122900
1502,0.0,1.0,1,368,GLQ,0,528,1985.0,1502,6820,,0.0,54,5,8,1488,1985,1985,212000
616,1072.0,4.0,Gd,462,GLQ,154,603,1997.0,1688,12798,79.0,0.0,114,5,6,616,1997,1997,200000
1262,0.0,,2,905,GLQ,357,572,2006.0,1262,7200,60.0,68.0,120,5,6,1262,2006,2006,185000
1905,0.0,3.0,2,0,Unf,1905,788,2006.0,1905,11670,84.0,302.0,191,5,9,1905,2006,2006,320000
1153,878.0,3.0,1,252,ALQ,901,541,1998.0,2031,11404,75.0,202.0,84,5,7,1153,1998,1999,222500
1350,0.0,3.0,2,0,Unf,1064,478,1974.0,1350,10140,78.0,174.0,0,5,6,1064,1974,1974,165000
941,888.0,3.0,2,483,GLQ,458,613,2003.0,1829,9548,44.0,223.0,39,6,7,941,2003,2003,237000
965,0.0,3.0,2,641,BLQ,187,300,1979.0,965,7800,60.0,0.0,0,5,5,828,1965,1965,119900
672,252.0,2.0,2,348,BLQ,324,280,1941.0,924,12180,60.0,0.0,0,4,4,672,1941,1950,80000
1055,1208.0,3.0,2,0,Unf,1055,905,2001.0,2263,9240,,396.0,45,5,8,1055,2001,2002,287000
1236,872.0,4.0,2,626,Rec,501,540,1935.0,2108,13728,120.0,0.0,0,7,6,1127,1935,1986,235000
1242,0.0,3.0,2,916,ALQ,326,528,1973.0,1242,9600,80.0,320.0,0,6,7,1242,1973,1973,175500
989,584.0,3.0,2,0,,884,240,1935.0,1573,6120,51.0,0.0,0,7,4,884,1935,1995,133000
884,1151.0,3.0,2,0,Unf,884,434,2001.0,2035,9505,,180.0,48,5,7,884,2001,2001,222500
1232,0.0,3.0,2,660,BLQ,572,516,1984.0,1232,11120,,0.0,0,6,6,1232,1984,1984,162500
1098,866.0,4.0,2,403,,400,483,1976.0,1964,10480,80.0,660.0,69,6,7,803,1976,1976,205000
792,348.0,3.0,2,0,Unf,576,0,,1140,8800,55.0,0.0,160,7,4,576,1910,2004,96500
894,0.0,3.0,2,702,BLQ,192,450,1967.0,894,9764,57.0,0.0,0,7,5,894,1967,2003,130000
1512,1142.0,4.0,Mn,619,BLQ,435,619,1968.0,2654,11029,,220.0,65,7,6,1054,1968,1984,250000
768,0.0,2.0,1,660,,108,396,1974.0,768,7200,60.0,0.0,0,8,5,768,1972,2003,133900
672,,2.0,,0,,0,0,,912,6240,52.0,0.0,0,5,4,0,1947,1950,80500
1040,1040.0,5.0,1,650,Rec,390,504,1969.0,2080,11606,70.0,192.0,0,5,5,1040,1969,1969,135000
1040,0.0,3.0,2,732,GLQ,308,576,2000.0,1040,12464,82.0,0.0,0,5,5,1040,1996,1996,152000
1149,467.0,3.0,Mn,370,LwQ,779,216,1926.0,1616,5400,40.0,0.0,0,7,6,1149,1926,2004,152000
1047,0.0,2.0,2,0,Unf,641,273,1954.0,1047,10800,60.0,0.0,0,7,4,641,1885,1995,100000
1803,0.0,3.0,2,168,Rec,284,484,1957.0,1803,13125,88.0,67.0,0,4,5,1134,1957,2000,155000
832,0.0,2.0,2,0,Unf,832,528,1962.0,832,7227,59.0,0.0,0,6,6,832,1954,1954,105500
894,0.0,3.0,2,180,Rec,340,384,1966.0,894,7094,99.0,0.0,0,5,5,894,1966,1966,125000
596,596.0,3.0,Mn,0,Unf,596,189,1920.0,1192,6402,60.0,0.0,0,5,5,596,1920,1950,78000
1850,0.0,3.0,Gd,1261,GLQ,572,772,2004.0,1850,16033,98.0,378.0,112,5,9,1833,2004,2005,326000
899,0.0,3.0,2,450,ALQ,414,288,1967.0,899,7800,65.0,89.0,0,7,5,864,1967,2004,130000
892,0.0,3.0,2,340,Rec,524,264,1966.0,892,9477,,65.0,0,5,5,864,1966,1966,110000
1260,1031.0,4.0,Mn,1046,Rec,168,506,1900.0,2291,7200,60.0,0.0,0,6,6,1214,1910,1998,133900
1075,1063.0,2.0,2,0,Unf,849,360,1910.0,2138,8100,90.0,0.0,156,5,5,849,1898,1965,106000
926,678.0,3.0,2,0,Unf,926,470,1997.0,1604,10839,100.0,0.0,36,5,6,926,1997,1998,181000
887,1134.0,3.0,2,0,Unf,868,422,2006.0,2021,23257,168.0,0.0,100,5,7,868,2006,2006,274725
938,0.0,3.0,1,280,LwQ,167,308,1977.0,938,9200,,0.0,0,6,5,938,1975,1980,130250
912,514.0,3.0,2,0,Unf,912,216,1925.0,1426,7642,55.0,0.0,240,8,7,912,1918,1998,189950
928,992.0,4.0,2,220,Rec,708,400,1948.0,1920,11345,95.0,567.0,0,5,5,928,1948,1950,137000
1098,0.0,3.0,2,902,ALQ,196,260,1955.0,1098,7390,,151.0,0,7,5,1098,1955,1955,135000
729,0.0,2.0,2,0,Unf,270,0,,729,4130,56.0,0.0,0,6,3,270,1935,2003,52000
1252,0.0,3.0,2,0,Unf,1252,528,1960.0,1252,10721,80.0,243.0,39,6,6,1252,1959,1959,142000
1584,0.0,4.0,2,0,Unf,1584,792,1967.0,1584,8944,65.0,0.0,152,5,5,1584,1967,1967,124000
1506,0.0,2.0,2,0,Unf,1498,592,2008.0,1506,14587,75.0,284.0,174,5,9,1498,2008,2008,264132
1709,0.0,2.0,1,1238,GLQ,460,506,1999.0,1709,5119,50.0,60.0,65,5,9,1698,1999,2000,328900
1092,0.0,2.0,2,895,Rec,197,299,1957.0,1092,14850,69.0,0.0,0,5,5,1092,1957,1957,141000
1746,0.0,3.0,Gd,1320,GLQ,426,758,2006.0,1746,14892,42.0,160.0,39,5,9,1746,2006,2007,377500
1304,983.0,,2,603,BLQ,701,667,1953.0,2287,15593,81.0,0.0,21,4,7,1304,1953,1953,225000
789,0.0,2.0,2,0,Unf,768,200,1926.0,789,10594,55.0,0.0,0,5,5,768,1926,1950,96500
1041,0.0,3.0,2,991,ALQ,50,270,1959.0,1041,9600,80.0,132.0,88,6,5,1041,1959,1959,124500
993,915.0,4.0,2,0,Unf,967,431,2002.0,1908,14191,85.0,0.0,0,5,8,967,2002,2002,202900
1010,1257.0,4.0,2,0,Unf,1010,390,2002.0,2267,8068,,0.0,46,5,6,1010,2002,2002,200000
875,0.0,2.0,2,209,BLQ,506,180,1931.0,875,6120,51.0,0.0,0,7,5,715,1931,1993,105000
1526,0.0,4.0,1,383,Rec,833,364,1957.0,1526,8562,68.0,145.0,78,6,5,1216,1957,2002,144500
1567,0.0,2.0,Gd,1567,ALQ,0,714,1977.0,1567,9819,,0.0,32,5,6,1567,1977,1977,196000
1734,1088.0,,Gd,0,Unf,1734,1020,2009.0,2822,13891,107.0,424.0,170,5,9,1734,2008,2009,582933
689,689.0,3.0,2,141,Rec,548,360,1928.0,1378,9600,60.0,0.0,0,9,7,689,1928,2005,161000
1281,457.0,4.0,2,0,Unf,715,368,1920.0,1738,12513,,0.0,0,4,4,715,1920,2007,104900
1164,896.0,4.0,2,831,GLQ,320,521,1988.0,2060,10029,97.0,268.0,228,5,6,1151,1988,1989,211000
1128,0.0,2.0,2,812,LwQ,124,286,1954.0,1128,9000,75.0,0.0,0,5,5,936,1954,1954,118000
840,880.0,3.0,2,0,Unf,840,440,2004.0,1720,8244,62.0,0.0,48,5,7,840,2004,2004,183500
1050,0.0,2.0,2,504,Rec,546,338,1956.0,1050,9600,80.0,0.0,0,6,5,1050,1956,1956,128900
1114,0.0,,2,814,GLQ,300,576,2004.0,1114,13695,66.0,0.0,78,5,6,1114,2003,2004,155000
1053,,3.0,2,567,Rec,413,750,1998.0,1053,8973,69.0,85.0,80,7,5,1008,1958,1991,150000
1593,0.0,0.0,1,1153,GLQ,440,682,2001.0,1593,4923,41.0,0.0,120,5,8,1593,2001,2002,286000
1214,,,2,695,BLQ,519,318,1967.0,1214,10355,,196.0,111,5,5,1214,1967,1967,143000
816,0.0,3.0,2,641,ALQ,175,264,1982.0,816,6600,60.0,0.0,0,9,5,816,1982,2008,130500
1535,0.0,4.0,,0,,0,400,1979.0,1535,7018,64.0,0.0,0,5,5,0,1979,1979,118858
1360,1360.0,,2,1036,,140,795,1918.0,3112,25419,174.0,0.0,16,4,8,1360,1918,1990,235000
1079,840.0,3.0,1,0,Unf,1079,685,2006.0,1919,15611,120.0,0.0,51,5,8,1079,2006,2006,233230
1097,0.0,3.0,2,0,Unf,1097,672,1995.0,1097,10859,112.0,0.0,64,5,5,1097,1994,1995,145000
983,767.0,4.0,Mn,660,ALQ,323,423,1989.0,1750,12508,75.0,0.0,0,7,6,983,1940,1985,160000
483,504.0,2.0,2,0,Unf,483,288,1972.0,987,1680,21.0,297.0,0,5,6,483,1972,1972,94500
981,0.0,3.0,2,282,ALQ,664,576,1979.0,981,10530,,0.0,312,5,6,981,1971,1971,143250
1700,0.0,4.0,2,1018,Rec,380,447,1959.0,1700,10552,70.0,0.0,38,5,5,1398,1959,1959,165500
816,0.0,2.0,2,708,GLQ,108,308,1957.0,816,7100,73.0,0.0,0,7,5,816,1957,1957,129900
944,896.0,3.0,2,666,GLQ,278,622,2001.0,1840,12420,79.0,0.0,45,5,7,944,2001,2001,230000
1291,1230.0,5.0,2,837,ALQ,105,576,1973.0,2521,3964,42.0,0.0,20,4,6,942,1973,1973,151400
1002,0.0,3.0,2,828,BLQ,174,902,1973.0,1002,8750,,76.0,0,6,5,1002,1970,1970,148500
841,,2.0,2,0,Unf,721,294,1950.0,841,8400,60.0,0.0,0,4,4,721,1950,1950,82000
996,0.0,2.0,1,747,GLQ,189,564,1992.0,996,9069,73.0,0.0,0,6,6,936,1992,1992,147000
1713,0.0,3.0,1,1088,GLQ,625,856,2004.0,1713,9591,76.0,262.0,26,5,8,1713,2004,2005,274900
1412,0.0,3.0,Mn,1005,GLQ,387,576,1988.0,1412,11457,130.0,0.0,0,5,6,1392,1988,1988,175000
1236,0.0,2.0,2,600,GLQ,312,923,1957.0,1236,7407,90.0,0.0,158,7,6,912,1957,1996,149700
1040,0.0,3.0,Gd,633,ALQ,431,648,1963.0,1040,25286,94.0,0.0,0,5,4,1064,1963,1963,132250
1616,0.0,2.0,2,1180,GLQ,415,608,1995.0,1616,5389,39.0,0.0,152,5,8,1595,1995,1996,236500
1414,0.0,3.0,2,528,ALQ,245,601,1990.0,1414,11029,87.0,0.0,51,8,6,1184,1958,2002,176500
975,975.0,3.0,2,649,,326,576,1997.0,1950,7399,66.0,1600.0,10,5,7,975,1997,1998,239000
1086,0.0,3.0,2,320,ALQ,404,490,1989.0,1086,10200,85.0,104.0,0,7,5,1086,1954,2003,144900
1072,504.0,,Gd,1309,GLQ,15,528,1923.0,1576,21384,144.0,0.0,312,6,5,1324,1923,2004,223500
768,0.0,2.0,1,619,ALQ,149,624,1987.0,768,7244,54.0,0.0,0,7,5,768,1970,1970,129500
1381,0.0,3.0,2,982,ALQ,179,676,1972.0,1381,9360,78.0,0.0,0,7,6,1161,1972,2006,197500
1284,885.0,3.0,2,0,,1284,647,2002.0,2169,9375,,149.0,87,5,8,1284,2002,2002,228500
720,,2.0,,0,,0,287,1955.0,720,6627,,0.0,0,6,3,0,1949,1950,72500
1584,1208.0,,2,493,LwQ,1017,520,1920.0,2792,10440,60.0,0.0,547,7,6,1510,1920,1950,256000
936,0.0,2.0,2,0,Unf,936,576,1974.0,936,6000,60.0,0.0,32,4,4,936,1953,1953,93000
1181,0.0,3.0,1,920,BLQ,38,588,1974.0,1181,10012,90.0,0.0,0,5,4,1138,1972,1972,137500
1689,0.0,3.0,1,0,Unf,1689,954,2007.0,1689,9849,83.0,0.0,56,6,7,1689,2007,2007,248328
948,0.0,3.0,2,732,Rec,216,280,1956.0,948,8190,60.0,0.0,36,6,4,948,1954,1954,119000
756,756.0,2.0,2,420,GLQ,336,440,2000.0,1512,2117,,513.0,32,5,6,756,2000,2000,168500
894,0.0,3.0,2,492,BLQ,402,450,1968.0,894,8724,109.0,0.0,0,5,5,894,1968,1968,129000
932,920.0,3.0,2,822,GLQ,78,644,2009.0,1852,8640,72.0,0.0,108,5,7,900,2009,2009,252678
845,0.0,3.0,,0,,0,290,1957.0,845,11500,,0.0,0,3,4,0,1957,1957,84000
774,0.0,3.0,2,544,Rec,0,0,,774,4270,70.0,0.0,0,6,3,544,1931,2006,79000
2053,1185.0,4.0,1,816,,1217,666,1996.0,3238,14720,56.0,579.0,86,5,8,2033,1995,1996,410000
1232,,2.0,1,724,GLQ,508,632,2007.0,1232,7314,64.0,82.0,0,5,7,1232,2007,2007,194500
1164,0.0,3.0,2,0,Unf,1164,528,1969.0,1164,9600,80.0,168.0,0,5,7,1164,1969,1969,140000
912,336.0,2.0,2,324,LwQ,588,160,1957.0,1248,9439,52.0,0.0,0,5,5,912,1930,1950,87000
1687,0.0,3.0,1,353,BLQ,60,572,1966.0,1687,57200,,0.0,0,5,5,747,1948,1950,160000
860,1100.0,4.0,2,625,GLQ,235,440,2002.0,1960,7851,,,48,5,6,860,2002,2002,216500
546,,3.0,2,273,BLQ,0,286,1970.0,1092,2217,21.0,0.0,0,4,4,546,1970,1970,88000
894,0.0,3.0,2,552,,342,400,1999.0,894,9450,68.0,0.0,0,5,4,894,1954,1954,110000
1479,0.0,3.0,1,1013,GLQ,440,558,2003.0,1479,10665,72.0,167.0,29,5,7,1453,2003,2003,226000
1060,0.0,3.0,Mn,188,Rec,204,270,1968.0,1060,8246,,0.0,90,8,5,1060,1968,2001,154000
1436,0.0,3.0,Mn,946,GLQ,490,484,2004.0,1436,8450,65.0,266.0,98,5,7,1436,2004,2004,210000
1044,0.0,2.0,1,0,Unf,540,504,1952.0,1044,8712,66.0,0.0,0,5,5,540,1952,1952,55993
880,888.0,2.0,Mn,390,,490,320,1914.0,1768,10800,60.0,0.0,341,7,7,880,1914,1970,163000
816,0.0,2.0,1,538,,278,432,2002.0,816,5890,,0.0,0,8,6,816,1930,2007,120500
774,656.0,3.0,2,250,GLQ,134,400,2000.0,1430,7750,,0.0,0,5,7,384,2000,2000,180000
1867,0.0,2.0,2,379,LwQ,470,303,1955.0,1867,10708,,0.0,0,5,5,1617,1955,1993,190000
1500,0.0,,1,1070,GLQ,286,648,2006.0,1500,4045,53.0,45.0,20,5,7,1356,2006,2006,246578
1100,0.0,3.0,2,419,ALQ,375,312,1960.0,1100,12493,,0.0,0,5,4,1100,1960,1960,141000
816,0.0,,Gd,546,ALQ,270,264,1982.0,816,8314,76.0,0.0,0,7,5,816,1982,1982,124500
1328,,2.0,Gd,967,BLQ,383,308,1959.0,1328,16905,115.0,0.0,104,6,5,1350,1959,1959,170000
1728,568.0,3.0,Gd,1338,GLQ,384,842,2008.0,2296,13478,97.0,420.0,274,5,10,1722,2008,2008,451950
864,0.0,2.0,2,167,Rec,697,572,1957.0,864,8172,60.0,0.0,0,7,5,864,1955,1990,115000
1266,0.0,3.0,2,0,Unf,1257,453,2005.0,1266,7500,62.0,0.0,144,5,7,1257,2005,2005,176000
858,,3.0,2,614,BLQ,244,0,,858,8125,,0.0,0,4,4,858,1971,1971,88000
832,878.0,3.0,2,426,GLQ,406,506,1993.0,1710,9291,76.0,120.0,70,5,6,832,1993,1993,187000
772,351.0,3.0,2,0,Unf,732,264,1979.0,1123,6060,50.0,0.0,0,5,4,732,1939,1950,100000
953,694.0,3.0,2,0,Unf,953,460,1999.0,1647,7917,62.0,0.0,40,5,6,953,1999,2000,175000
874,0.0,3.0,2,510,,354,288,1968.0,874,9858,62.0,0.0,0,6,5,864,1968,1968,130000
1788,0.0,3.0,1,0,Unf,1753,522,2001.0,1788,11838,,0.0,151,5,8,1753,2001,2001,236500
1839,,3.0,2,1186,GLQ,291,416,1957.0,1839,14442,110.0,106.0,87,7,6,1477,1957,2004,257500
1088,780.0,4.0,2,381,ALQ,399,484,1976.0,1868,10304,,44.0,96,7,5,780,1976,1976,197500
1712,0.0,4.0,2,528,LwQ,1098,588,2005.0,1712,8393,70.0,122.0,54,5,5,1626,1959,2005,145000
561,668.0,2.0,2,285,ALQ,276,462,1980.0,1229,1300,24.0,0.0,0,6,6,561,1980,1980,124000
1600,0.0,3.0,2,0,Unf,1566,890,2007.0,1600,14230,110.0,640.0,56,5,8,1566,2007,2007,256300
916,684.0,3.0,1,0,Unf,916,460,1997.0,1600,8773,57.0,0.0,38,5,6,916,1997,1997,169000
896,448.0,3.0,2,0,Unf,896,240,1936.0,1344,6240,,0.0,114,4,5,896,1936,1950,115000
1126,0.0,3.0,1,767,ALQ,266,540,1977.0,1126,15611,,0.0,0,6,5,1126,1977,1977,175000
923,0.0,3.0,2,658,ALQ,218,264,1984.0,923,6951,37.0,0.0,0,5,5,876,1984,1985,119500
616,0.0,2.0,2,616,LwQ,0,205,1921.0,616,6000,50.0,0.0,0,7,5,616,1921,1950,89000
1800,0.0,6.0,2,0,Unf,1800,0,,1800,8000,80.0,0.0,0,4,5,1800,1961,1961,141000
1505,0.0,2.0,2,1024,,481,505,1953.0,1505,12160,128.0,90.0,0,4,6,1505,1953,1953,149500
1647,0.0,3.0,Mn,1283,ALQ,0,621,1977.0,1647,12984,80.0,459.0,0,6,5,1430,1977,1977,217500
1132,0.0,2.0,2,1024,GLQ,108,451,2005.0,1132,7024,60.0,0.0,64,5,4,1132,2005,2005,176000
928,836.0,3.0,2,821,GLQ,107,470,1997.0,1764,15426,65.0,0.0,99,5,6,928,1997,1997,231500
1088,441.0,4.0,,0,,0,240,1945.0,1529,8405,50.0,0.0,0,3,4,0,1945,1950,98000
1699,748.0,4.0,2,0,Unf,804,336,1969.0,2447,9638,50.0,0.0,0,7,6,804,1919,1990,169000
1504,0.0,1.0,2,16,GLQ,1330,457,2005.0,1504,3182,43.0,16.0,0,5,7,1346,2005,2006,181000
1163,0.0,3.0,2,256,ALQ,906,220,1955.0,1163,5820,49.0,0.0,98,8,3,1162,1955,2005,126175
769,756.0,3.0,2,436,GLQ,320,440,2000.0,1525,2117,,456.0,0,5,6,756,2000,2000,177000
935,0.0,3.0,2,560,BLQ,0,288,1965.0,935,13526,,114.0,0,6,5,935,1965,1965,137000
813,0.0,2.0,2,0,Unf,813,270,1932.0,813,5684,70.0,0.0,113,8,6,813,1930,2005,110000
1112,896.0,3.0,2,603,GLQ,293,230,1948.0,2008,7800,78.0,0.0,0,8,5,896,1948,2002,225000
1532,797.0,4.0,2,1085,GLQ,390,514,1990.0,2329,11839,86.0,99.0,121,5,7,1475,1990,1990,262280
910,648.0,4.0,2,420,BLQ,490,282,1950.0,1558,13710,75.0,0.0,0,5,5,910,1950,1950,152000
832,832.0,4.0,2,194,GLQ,638,528,1976.0,1664,10140,78.0,0.0,28,5,7,832,1976,1976,162900
2110,0.0,3.0,2,1065,ALQ,1045,522,1968.0,2110,11160,93.0,0.0,0,5,7,2110,1968,1968,244000
905,881.0,3.0,2,648,GLQ,176,684,1997.0,1786,9337,69.0,0.0,162,5,6,824,1997,1997,204750
925,550.0,4.0,2,548,ALQ,36,336,1977.0,1475,2665,41.0,0.0,26,6,5,757,1977,1977,127000
811,576.0,3.0,2,0,Unf,811,256,1954.0,1387,6000,50.0,0.0,0,4,5,811,1954,1954,93000
976,732.0,3.0,2,0,Unf,976,380,2004.0,1708,3363,32.0,117.0,40,5,7,976,2004,2004,130000
1085,649.0,3.0,2,600,Rec,312,440,1962.0,1734,9786,77.0,0.0,0,7,6,912,1962,1981,159000
1766,648.0,3.0,2,664,BLQ,290,520,1970.0,2414,10800,60.0,0.0,0,4,5,954,1900,1970,160000
933,975.0,4.0,2,642,GLQ,273,493,1994.0,1908,8750,70.0,0.0,133,5,7,915,1994,1995,210000
1283,0.0,3.0,2,504,Rec,319,506,1980.0,1283,7763,70.0,0.0,0,7,5,931,1962,1980,140000
1212,0.0,3.0,2,0,Unf,1212,573,2001.0,1212,9100,70.0,0.0,0,5,7,1212,2001,2001,178000
952,596.0,,2,0,Unf,952,672,1978.0,1548,7264,55.0,0.0,0,7,7,952,1925,2007,205000
980,,3.0,1,400,,100,384,1967.0,980,9750,75.0,0.0,0,5,5,980,1967,1967,135500
1811,,2.0,2,296,ALQ,230,470,1956.0,1811,14115,90.0,0.0,0,7,6,1073,1956,2004,230000
1056,0.0,,2,1056,Rec,0,384,1966.0,1056,8900,,0.0,42,4,4,1056,1966,1966,107000
1234,0.0,3.0,1,0,Unf,1234,484,2007.0,1234,11049,85.0,0.0,30,5,8,1234,2007,2007,179900
630,672.0,3.0,2,0,Unf,630,440,1970.0,1302,2016,24.0,304.0,0,5,5,630,1970,1970,106000
1035,371.0,3.0,2,0,Unf,319,0,,1406,7920,,0.0,144,7,6,319,1920,1950,89500
858,0.0,2.0,1,685,GLQ,173,576,1983.0,858,7252,,0.0,0,5,5,858,1982,1982,134900
1182,1142.0,4.0,2,998,,177,736,2005.0,2324,11924,85.0,286.0,21,5,9,1175,2005,2006,345000
910,0.0,3.0,1,0,Unf,105,414,1953.0,910,8892,74.0,0.0,0,7,5,105,1953,1996,116000
798,813.0,4.0,Gd,674,GLQ,0,442,1964.0,1611,9760,80.0,360.0,128,6,6,780,1964,1964,167900
684,876.0,3.0,1,0,Unf,684,400,2005.0,1560,11911,122.0,0.0,38,5,6,684,2005,2005,174000
2020,0.0,4.0,,0,,0,630,1977.0,2020,8400,60.0,320.0,0,5,5,0,1977,1977,144000
1338,0.0,2.0,Mn,616,GLQ,722,582,2001.0,1338,4920,41.0,0.0,0,5,8,1338,2001,2001,213500
1188,0.0,3.0,2,593,,595,312,1962.0,1188,26142,,189.0,39,7,5,1188,1962,1962,157900
1459,0.0,3.0,2,0,,1459,527,2002.0,1459,8749,70.0,100.0,39,5,7,1459,2002,2002,192000
1306,954.0,3.0,Gd,1201,GLQ,105,533,1996.0,2260,14000,80.0,0.0,44,5,7,1306,1996,1997,328000
1430,0.0,3.0,2,0,Unf,1413,605,2001.0,1430,16285,67.0,0.0,33,5,7,1413,2001,2002,187100
996,0.0,3.0,2,290,BLQ,706,0,,996,13907,63.0,0.0,0,6,5,996,1940,1969,108000
1092,0.0,3.0,2,787,Rec,305,504,1964.0,1092,8250,75.0,260.0,0,7,6,1092,1964,1964,145000
625,625.0,2.0,2,0,Unf,625,625,2006.0,1250,4017,35.0,0.0,54,5,7,625,2006,2007,171900
864,864.0,,2,0,Unf,864,572,2004.0,1728,9313,65.0,0.0,56,5,7,864,2004,2004,190000
924,0.0,3.0,2,0,Unf,924,280,1981.0,924,7990,88.0,0.0,0,6,5,924,1975,1975,110000
1199,0.0,2.0,2,300,GLQ,899,530,1993.0,1199,7892,55.0,0.0,63,5,6,1199,1993,1993,153900
948,0.0,3.0,2,0,Unf,948,300,1968.0,948,8978,,0.0,0,5,5,948,1968,1968,108000
925,0.0,,2,338,BLQ,121,429,1965.0,925,9100,70.0,0.0,0,6,5,925,1965,1965,117500
835,0.0,2.0,2,108,ALQ,350,366,1920.0,835,10625,85.0,0.0,0,5,5,458,1920,1950,83000
1580,886.0,4.0,2,0,Unf,1580,610,2004.0,2466,11143,102.0,0.0,214,5,8,1580,2004,2005,340000
1216,941.0,4.0,2,445,Rec,479,487,1966.0,2157,14200,88.0,309.0,66,6,7,924,1966,1966,226000
1060,0.0,3.0,2,840,GLQ,200,572,1976.0,1060,4224,44.0,0.0,110,7,5,1040,1976,1976,129900
2633,0.0,2.0,Gd,1282,GLQ,1351,804,2001.0,2633,11400,,705.0,140,5,10,2633,2001,2002,466500
1048,,2.0,2,0,Unf,993,280,1922.0,1048,6380,58.0,0.0,0,6,5,993,1922,1950,113000
953,711.0,3.0,2,0,Unf,953,460,2000.0,1664,8121,,0.0,40,5,6,953,2000,2000,172400
784,0.0,2.0,2,0,Unf,784,360,1950.0,784,9000,60.0,0.0,0,3,6,784,1928,1950,76000
1279,0.0,3.0,2,641,ALQ,276,473,1980.0,1279,10125,75.0,0.0,83,6,6,1196,1977,1977,171500
1229,0.0,3.0,2,1059,ALQ,75,284,1956.0,1229,17140,,0.0,0,6,4,1134,1956,1956,135000
1268,0.0,2.0,2,540,LwQ,728,244,1954.0,1268,7800,78.0,200.0,98,6,5,1268,1954,1954,132000
1428,0.0,3.0,2,0,Unf,1428,480,2007.0,1428,11639,95.0,,120,5,7,1428,2007,2008,182000
1125,0.0,,1,631,ALQ,410,352,1977.0,1125,7200,72.0,255.0,0,6,6,1041,1976,1976,125000
1008,0.0,2.0,2,486,BLQ,522,275,1954.0,1008,11425,,0.0,0,6,5,1008,1954,1954,137000
1630,0.0,3.0,Gd,0,Unf,1622,860,2008.0,1630,10226,61.0,270.0,42,5,8,1622,2008,2008,295493
864,864.0,3.0,2,503,Rec,361,673,2003.0,1728,8791,64.0,0.0,56,5,6,864,2003,2003,207500
1211,0.0,3.0,2,250,BLQ,210,322,1968.0,1211,8250,55.0,0.0,63,5,5,952,1968,1968,134000
1040,0.0,,2,369,LwQ,671,286,1959.0,1040,7560,70.0,0.0,0,5,5,1040,1959,1959,133700
1707,0.0,2.0,2,0,Unf,1686,511,1981.0,1707,16669,,653.0,64,6,8,1686,1981,1981,228000
955,,3.0,2,0,Unf,935,462,1998.0,1632,9084,63.0,0.0,28,5,7,935,1998,1998,176500
1392,0.0,3.0,2,1302,,90,528,1957.0,1392,11341,,180.0,0,6,5,1392,1957,1996,121500
1319,0.0,3.0,2,428,BLQ,0,270,1953.0,1319,10634,79.0,0.0,0,6,5,608,1953,1953,123000
742,742.0,3.0,2,0,Unf,742,390,2005.0,1484,12589,149.0,0.0,24,5,6,742,2005,2005,174000
971,0.0,3.0,Gd,523,,448,300,1969.0,971,9920,69.0,0.0,0,6,5,971,1969,1969,128500
1062,0.0,3.0,1,539,ALQ,490,539,1976.0,1062,11333,,0.0,0,5,6,1029,1976,1976,146800
980,0.0,4.0,Gd,945,,0,0,,980,9400,35.0,250.0,0,5,6,945,1975,1975,127500
1405,0.0,2.0,2,0,Unf,1405,478,2003.0,1405,3136,,163.0,36,5,7,1405,2003,2003,171750
959,712.0,3.0,2,786,GLQ,173,472,2000.0,1671,10852,58.0,0.0,38,5,6,959,2000,2000,173000
1074,0.0,3.0,2,788,ALQ,268,495,1975.0,1074,10140,78.0,0.0,88,6,5,1056,1975,1975,153500
1547,720.0,2.0,,0,,0,672,1979.0,2320,14762,,0.0,144,6,5,0,1948,1950,169000
918,0.0,2.0,2,0,Unf,918,264,1979.0,918,7892,55.0,0.0,0,5,6,918,1979,1979,99500
1437,0.0,3.0,Gd,1157,ALQ,280,528,1976.0,1437,10768,90.0,0.0,21,8,5,1437,1976,2004,218000
1069,0.0,2.0,2,360,ALQ,709,440,1977.0,1069,4043,53.0,0.0,55,5,6,1069,1977,1977,127500
829,727.0,4.0,2,298,Rec,429,441,1968.0,1556,11700,78.0,0.0,0,6,6,727,1968,1968,154000
824,1070.0,4.0,2,624,GLQ,193,510,2002.0,1894,11316,80.0,44.0,40,5,7,817,2002,2003,214900
1973,0.0,3.0,1,0,Unf,1935,895,2006.0,1973,14226,110.0,375.0,45,5,8,1935,2006,2006,395000
1898,1080.0,5.0,2,0,Unf,710,564,1961.0,2978,11275,96.0,300.0,0,7,7,710,1967,2007,242000
848,0.0,1.0,1,662,GLQ,186,420,2004.0,848,4438,,205.0,0,5,6,848,2004,2004,149000
804,670.0,3.0,2,0,Unf,384,400,1995.0,1474,8530,,22.0,72,5,7,384,1995,1996,168500
1056,0.0,3.0,2,480,BLQ,108,260,1954.0,1056,9250,80.0,0.0,0,7,5,1056,1954,2005,139400
902,0.0,2.0,1,301,BLQ,239,484,1983.0,902,8885,,0.0,0,5,5,864,1983,1983,131000
1032,0.0,3.0,1,605,ALQ,427,564,1978.0,1032,10395,,233.0,0,6,6,1032,1978,1978,148000
1077,0.0,2.0,2,0,Unf,961,338,1920.0,1077,8967,60.0,0.0,0,2,5,961,1920,1950,67000
1235,0.0,2.0,2,600,Rec,635,480,1961.0,1235,8500,85.0,203.0,0,3,5,1235,1961,1961,98600
1442,0.0,3.0,Mn,738,GLQ,172,719,1990.0,1442,10357,114.0,0.0,244,5,7,910,1990,1991,179900
483,504.0,2.0,2,387,ALQ,96,264,1971.0,987,1680,21.0,232.0,0,5,6,483,1971,1971,85400
1004,0.0,2.0,Gd,975,GLQ,0,504,1977.0,1004,10530,78.0,90.0,0,5,6,975,1977,1977,135000
1006,0.0,3.0,2,288,GLQ,718,0,,1006,9000,,0.0,24,3,5,1006,1959,1959,80000
936,780.0,6.0,2,210,,570,0,,1716,5687,55.0,0.0,184,6,5,780,1912,2000,135900
860,,3.0,2,0,Unf,860,565,2004.0,1720,11645,89.0,0.0,70,5,7,860,2004,2004,196500
960,0.0,2.0,2,250,ALQ,710,308,1997.0,960,6000,50.0,0.0,0,4,4,960,1920,1950,108500
1604,0.0,3.0,2,1334,GLQ,270,660,2006.0,1604,8814,68.0,180.0,110,5,7,1604,2006,2006,220000
2217,0.0,4.0,Gd,351,ALQ,1043,621,1970.0,2217,15865,95.0,0.0,207,6,8,2217,1970,1970,268000
1844,0.0,3.0,1,1110,Rec,734,540,1969.0,1844,16381,,312.0,73,5,6,1844,1969,1969,223000
799,772.0,3.0,2,0,Unf,799,380,1993.0,1571,7837,59.0,0.0,40,7,6,799,1993,1994,178000
1479,0.0,3.0,2,0,Unf,1468,577,1999.0,1479,9382,93.0,125.0,25,5,7,1468,1999,2000,191000
1619,167.0,3.0,Gd,1249,,103,529,1965.0,1786,164660,,0.0,0,6,5,1499,1965,1965,228950
1632,0.0,3.0,2,620,Rec,0,338,1958.0,1632,9600,80.0,183.0,0,6,6,1240,1958,1988,139000
866,902.0,3.0,1,20,GLQ,846,578,2007.0,1768,10769,68.0,0.0,105,5,8,866,2007,2007,212000
1096,0.0,3.0,Mn,75,BLQ,230,299,1969.0,1096,15870,,0.0,32,5,5,1096,1969,1969,138800
1236,857.0,3.0,2,0,Unf,791,542,1986.0,2093,20544,46.0,123.0,63,6,7,791,1986,1991,215000
660,688.0,3.0,2,512,BLQ,148,453,1966.0,1348,7590,69.0,266.0,108,5,6,660,1966,1966,155000
728,728.0,3.0,1,648,GLQ,80,410,2005.0,1456,8199,63.0,0.0,18,5,7,728,2005,2005,189000
1600,0.0,2.0,Gd,1277,BLQ,207,319,1957.0,1600,16321,47.0,0.0,258,6,5,1484,1957,1997,207500
1700,0.0,3.0,1,340,GLQ,1342,544,2003.0,1700,9135,70.0,120.0,23,5,6,1682,2003,2003,200000
808,785.0,3.0,2,0,Unf,808,389,1993.0,1593,9636,,0.0,40,5,6,808,1992,1993,178000
1363,0.0,2.0,2,650,BLQ,178,288,1951.0,1363,14559,75.0,70.0,42,7,5,1008,1951,2000,164900
855,586.0,3.0,2,311,ALQ,544,440,1978.0,1441,2289,24.0,0.0,0,6,6,855,1978,1978,148500
1710,0.0,2.0,Gd,1400,,310,866,2007.0,1710,13891,107.0,436.0,102,5,8,1710,2007,2008,372402
1222,888.0,3.0,2,695,GLQ,253,463,1994.0,2110,8880,,0.0,130,5,7,948,1994,2002,205000
725,754.0,3.0,2,533,GLQ,192,475,1976.0,1479,13517,,289.0,44,8,6,725,1976,2005,130500
767,0.0,1.0,1,584,GLQ,0,367,1998.0,767,4058,34.0,182.0,40,5,7,723,1998,1998,133000
664,,3.0,1,554,GLQ,100,426,2006.0,1496,17104,58.0,0.0,24,5,7,654,2006,2006,179665
1567,0.0,1.0,1,1154,GLQ,366,648,2006.0,1567,3982,53.0,0.0,0,5,8,1520,2006,2006,264561
1148,0.0,2.0,Mn,210,LwQ,219,308,1952.0,1148,6420,57.0,0.0,0,7,5,980,1952,1952,123500
1120,850.0,3.0,Mn,0,Unf,1085,753,2006.0,1970,11065,86.0,788.0,74,5,8,1085,2006,2006,281000
1453,1357.0,4.0,2,482,GLQ,971,750,1990.0,2810,9572,,336.0,0,5,8,1453,1990,1990,302000
1470,,4.0,2,986,GLQ,484,696,1998.0,2630,9200,80.0,473.0,66,5,8,1470,1998,1998,315000
1105,1169.0,5.0,2,443,Rec,662,480,1960.0,2274,11600,80.0,361.0,0,5,5,1105,1960,1960,154300
1261,0.0,3.0,2,662,ALQ,599,433,1958.0,1261,9120,76.0,0.0,0,6,6,1261,1958,1958,163000
1486,0.0,3.0,2,637,BLQ,849,480,1968.0,1486,9937,75.0,0.0,0,7,5,1486,1964,1999,167000
773,0.0,2.0,2,570,,203,240,1953.0,773,7677,57.0,0.0,0,5,5,773,1953,1953,110000
1537,0.0,3.0,2,0,,1319,462,1962.0,1537,8400,80.0,237.0,36,9,6,1319,1962,2005,174000
866,913.0,,1,0,Unf,866,546,1998.0,1779,10400,80.0,0.0,36,5,7,866,1998,1998,197900
1225,0.0,3.0,2,569,ALQ,381,0,,1225,9320,77.0,0.0,0,5,4,950,1959,1959,128950
848,0.0,1.0,1,659,GLQ,189,420,2003.0,848,4435,36.0,170.0,0,5,6,848,2003,2003,131500
780,596.0,3.0,2,0,Unf,780,198,1937.0,1376,8600,50.0,0.0,0,6,6,780,1937,1950,119500
742,729.0,3.0,2,381,GLQ,348,440,1999.0,1471,3230,34.0,894.0,24,5,6,729,1999,1999,172500
869,0.0,2.0,2,0,Unf,440,0,,869,5900,51.0,0.0,0,7,4,440,1923,1958,85500
729,729.0,2.0,2,419,GLQ,310,440,1999.0,1458,3230,34.0,1129.0,32,5,6,729,1999,1999,176000
894,0.0,3.0,2,762,ALQ,102,440,1974.0,894,13350,100.0,0.0,0,5,5,864,1974,1974,142500
885,833.0,3.0,2,0,Unf,832,427,1998.0,1718,10141,74.0,40.0,94,5,7,832,1998,1998,185000
1701,0.0,3.0,Gd,1390,ALQ,0,611,1975.0,1701,16647,,0.0,0,5,5,1390,1975,1981,171000
864,0.0,3.0,2,600,BLQ,264,576,1980.0,864,12735,,0.0,0,5,4,864,1972,1972,111250
1094,761.0,3.0,2,0,Unf,528,512,1976.0,1855,9600,80.0,360.0,100,7,6,528,1976,1994,187000
1651,0.0,3.0,2,1398,ALQ,0,616,1986.0,1651,12416,47.0,132.0,0,5,6,1606,1986,1986,184000
612,612.0,,1,0,Unf,612,528,2009.0,1224,3951,40.0,76.0,234,5,6,612,2009,2009,164500
928,0.0,3.0,2,308,Rec,620,288,1957.0,928,6000,50.0,0.0,0,6,5,928,1957,1957,112500
372,720.0,3.0,,0,,0,0,,1092,5600,70.0,0.0,0,5,4,0,1930,1950,55000
832,809.0,3.0,2,16,LwQ,712,546,1925.0,1641,9600,60.0,0.0,0,7,7,728,1925,1990,178000
708,708.0,3.0,2,404,ALQ,304,776,1968.0,1416,11700,90.0,420.0,169,6,6,708,1968,1968,179900
1058,846.0,3.0,1,546,GLQ,512,736,2003.0,1904,10927,74.0,280.0,60,5,8,1058,2005,2005,275000
936,0.0,2.0,2,248,BLQ,448,308,1956.0,936,5868,74.0,0.0,0,7,5,936,1956,2000,129000
716,840.0,3.0,2,81,,23,452,1980.0,1556,1950,24.0,0.0,0,6,6,716,1980,1980,151000
864,0.0,2.0,2,120,LwQ,744,400,1951.0,864,19138,140.0,0.0,0,5,4,864,1951,1951,141000
1654,0.0,3.0,2,986,GLQ,668,900,2002.0,1654,8125,,295.0,136,5,7,1654,2002,2002,230000
1416,0.0,3.0,2,0,Unf,816,576,2007.0,1416,25339,,0.0,0,7,5,816,1918,2007,112000
1268,1097.0,,Mn,1163,GLQ,89,856,1999.0,2365,9430,82.0,673.0,128,5,8,1252,1999,1999,337000
1067,0.0,2.0,2,442,BLQ,625,436,1996.0,1067,9600,60.0,0.0,0,7,4,1067,1950,1995,128000
1318,584.0,4.0,,0,,0,539,1978.0,1902,8930,68.0,0.0,0,5,6,0,1978,1978,112000
1557,0.0,2.0,Gd,0,Unf,1374,420,2003.0,1557,3196,,18.0,20,5,7,1374,2003,2004,234000
1195,644.0,4.0,2,0,Unf,1195,486,1998.0,1839,16770,58.0,30.0,81,5,7,1195,1998,1998,221000
